base_min_wall_vol,take_min_edge,passive_size,clear_threshold,clear_size,smooth_alpha,day_-2_profit,day_-1_profit,total_profit,max_drawdown_pct
4,1.0,5,50,10,0.25,8218,7375,15593,0.4286
4,1.0,5,50,10,0.5,8176,7360,15536,0.4286
4,1.0,5,50,20,0.25,8218,7375,15593,0.4286
4,1.0,5,50,20,0.5,8176,7360,15536,0.4286
4,1.0,5,50,30,0.25,8218,7375,15593,0.4286
4,1.0,5,50,30,0.5,8176,7360,15536,0.4286
4,1.0,5,60,10,0.25,8218,7201,15419,0.4286
4,1.0,5,60,10,0.5,8176,7290,15466,0.4286
4,1.0,5,60,20,0.25,8218,7201,15419,0.4286
4,1.0,5,60,20,0.5,8176,7290,15466,0.4286
4,1.0,5,60,30,0.25,8218,7201,15419,0.4286
4,1.0,5,60,30,0.5,8176,7290,15466,0.4286
4,1.0,5,70,10,0.25,8218,7062,15280,0.4286
4,1.0,5,70,10,0.5,8176,7217,15393,0.4286
4,1.0,5,70,20,0.25,8218,7062,15280,0.4286
4,1.0,5,70,20,0.5,8176,7217,15393,0.4286
4,1.0,5,70,30,0.25,8218,7062,15280,0.4286
4,1.0,5,70,30,0.5,8176,7217,15393,0.4286
4,1.0,10,50,10,0.25,8218,7375,15593,0.4286
4,1.0,10,50,10,0.5,8176,7360,15536,0.4286
4,1.0,10,50,20,0.25,8218,7375,15593,0.4286
4,1.0,10,50,20,0.5,8176,7360,15536,0.4286
4,1.0,10,50,30,0.25,8218,7375,15593,0.4286
4,1.0,10,50,30,0.5,8176,7360,15536,0.4286
4,1.0,10,60,10,0.25,8218,7201,15419,0.4286
4,1.0,10,60,10,0.5,8176,7290,15466,0.4286
4,1.0,10,60,20,0.25,8218,7201,15419,0.4286
4,1.0,10,60,20,0.5,8176,7290,15466,0.4286
4,1.0,10,60,30,0.25,8218,7201,15419,0.4286
4,1.0,10,60,30,0.5,8176,7290,15466,0.4286
4,1.0,10,70,10,0.25,8218,7062,15280,0.4286
4,1.0,10,70,10,0.5,8176,7217,15393,0.4286
4,1.0,10,70,20,0.25,8218,7062,15280,0.4286
4,1.0,10,70,20,0.5,8176,7217,15393,0.4286
4,1.0,10,70,30,0.25,8218,7062,15280,0.4286
4,1.0,10,70,30,0.5,8176,7217,15393,0.4286
4,1.0,15,50,10,0.25,8218,7375,15593,0.4286
4,1.0,15,50,10,0.5,8176,7360,15536,0.4286
4,1.0,15,50,20,0.25,8218,7375,15593,0.4286
4,1.0,15,50,20,0.5,8176,7360,15536,0.4286
4,1.0,15,50,30,0.25,8218,7375,15593,0.4286
4,1.0,15,50,30,0.5,8176,7360,15536,0.4286
4,1.0,15,60,10,0.25,8218,7201,15419,0.4286
4,1.0,15,60,10,0.5,8176,7290,15466,0.4286
4,1.0,15,60,20,0.25,8218,7201,15419,0.4286
4,1.0,15,60,20,0.5,8176,7290,15466,0.4286
4,1.0,15,60,30,0.25,8218,7201,15419,0.4286
4,1.0,15,60,30,0.5,8176,7290,15466,0.4286
4,1.0,15,70,10,0.25,8218,7062,15280,0.4286
4,1.0,15,70,10,0.5,8176,7217,15393,0.4286
4,1.0,15,70,20,0.25,8218,7062,15280,0.4286
4,1.0,15,70,20,0.5,8176,7217,15393,0.4286
4,1.0,15,70,30,0.25,8218,7062,15280,0.4286
4,1.0,15,70,30,0.5,8176,7217,15393,0.4286
4,1.0,20,50,10,0.25,8218,7375,15593,0.4286
4,1.0,20,50,10,0.5,8176,7360,15536,0.4286
4,1.0,20,50,20,0.25,8218,7375,15593,0.4286
4,1.0,20,50,20,0.5,8176,7360,15536,0.4286
4,1.0,20,50,30,0.25,8218,7375,15593,0.4286
4,1.0,20,50,30,0.5,8176,7360,15536,0.4286
4,1.0,20,60,10,0.25,8218,7201,15419,0.4286
4,1.0,20,60,10,0.5,8176,7290,15466,0.4286
4,1.0,20,60,20,0.25,8218,7201,15419,0.4286
4,1.0,20,60,20,0.5,8176,7290,15466,0.4286
4,1.0,20,60,30,0.25,8218,7201,15419,0.4286
4,1.0,20,60,30,0.5,8176,7290,15466,0.4286
4,1.0,20,70,10,0.25,8218,7062,15280,0.4286
4,1.0,20,70,10,0.5,8176,7217,15393,0.4286
4,1.0,20,70,20,0.25,8218,7062,15280,0.4286
4,1.0,20,70,20,0.5,8176,7217,15393,0.4286
4,1.0,20,70,30,0.25,8218,7062,15280,0.4286
4,1.0,20,70,30,0.5,8176,7217,15393,0.4286
4,2.0,5,50,10,0.25,8218,7375,15593,0.4286
4,2.0,5,50,10,0.5,8176,7360,15536,0.4286
4,2.0,5,50,20,0.25,8218,7375,15593,0.4286
4,2.0,5,50,20,0.5,8176,7360,15536,0.4286
4,2.0,5,50,30,0.25,8218,7375,15593,0.4286
4,2.0,5,50,30,0.5,8176,7360,15536,0.4286
4,2.0,5,60,10,0.25,8218,7201,15419,0.4286
4,2.0,5,60,10,0.5,8176,7290,15466,0.4286
4,2.0,5,60,20,0.25,8218,7201,15419,0.4286
4,2.0,5,60,20,0.5,8176,7290,15466,0.4286
4,2.0,5,60,30,0.25,8218,7201,15419,0.4286
4,2.0,5,60,30,0.5,8176,7290,15466,0.4286
4,2.0,5,70,10,0.25,8218,7062,15280,0.4286
4,2.0,5,70,10,0.5,8176,7217,15393,0.4286
4,2.0,5,70,20,0.25,8218,7062,15280,0.4286
4,2.0,5,70,20,0.5,8176,7217,15393,0.4286
4,2.0,5,70,30,0.25,8218,7062,15280,0.4286
4,2.0,5,70,30,0.5,8176,7217,15393,0.4286
4,2.0,10,50,10,0.25,8218,7375,15593,0.4286
4,2.0,10,50,10,0.5,8176,7360,15536,0.4286
4,2.0,10,50,20,0.25,8218,7375,15593,0.4286
4,2.0,10,50,20,0.5,8176,7360,15536,0.4286
4,2.0,10,50,30,0.25,8218,7375,15593,0.4286
4,2.0,10,50,30,0.5,8176,7360,15536,0.4286
4,2.0,10,60,10,0.25,8218,7201,15419,0.4286
4,2.0,10,60,10,0.5,8176,7290,15466,0.4286
4,2.0,10,60,20,0.25,8218,7201,15419,0.4286
4,2.0,10,60,20,0.5,8176,7290,15466,0.4286
4,2.0,10,60,30,0.25,8218,7201,15419,0.4286
4,2.0,10,60,30,0.5,8176,7290,15466,0.4286
4,2.0,10,70,10,0.25,8218,7062,15280,0.4286
4,2.0,10,70,10,0.5,8176,7217,15393,0.4286
4,2.0,10,70,20,0.25,8218,7062,15280,0.4286
4,2.0,10,70,20,0.5,8176,7217,15393,0.4286
4,2.0,10,70,30,0.25,8218,7062,15280,0.4286
4,2.0,10,70,30,0.5,8176,7217,15393,0.4286
4,2.0,15,50,10,0.25,8218,7375,15593,0.4286
4,2.0,15,50,10,0.5,8176,7360,15536,0.4286
4,2.0,15,50,20,0.25,8218,7375,15593,0.4286
4,2.0,15,50,20,0.5,8176,7360,15536,0.4286
4,2.0,15,50,30,0.25,8218,7375,15593,0.4286
4,2.0,15,50,30,0.5,8176,7360,15536,0.4286
4,2.0,15,60,10,0.25,8218,7201,15419,0.4286
4,2.0,15,60,10,0.5,8176,7290,15466,0.4286
4,2.0,15,60,20,0.25,8218,7201,15419,0.4286
4,2.0,15,60,20,0.5,8176,7290,15466,0.4286
4,2.0,15,60,30,0.25,8218,7201,15419,0.4286
4,2.0,15,60,30,0.5,8176,7290,15466,0.4286
4,2.0,15,70,10,0.25,8218,7062,15280,0.4286
4,2.0,15,70,10,0.5,8176,7217,15393,0.4286
4,2.0,15,70,20,0.25,8218,7062,15280,0.4286
4,2.0,15,70,20,0.5,8176,7217,15393,0.4286
4,2.0,15,70,30,0.25,8218,7062,15280,0.4286
4,2.0,15,70,30,0.5,8176,7217,15393,0.4286
4,2.0,20,50,10,0.25,8218,7375,15593,0.4286
4,2.0,20,50,10,0.5,8176,7360,15536,0.4286
4,2.0,20,50,20,0.25,8218,7375,15593,0.4286
4,2.0,20,50,20,0.5,8176,7360,15536,0.4286
4,2.0,20,50,30,0.25,8218,7375,15593,0.4286
4,2.0,20,50,30,0.5,8176,7360,15536,0.4286
4,2.0,20,60,10,0.25,8218,7201,15419,0.4286
4,2.0,20,60,10,0.5,8176,7290,15466,0.4286
4,2.0,20,60,20,0.25,8218,7201,15419,0.4286
4,2.0,20,60,20,0.5,8176,7290,15466,0.4286
4,2.0,20,60,30,0.25,8218,7201,15419,0.4286
4,2.0,20,60,30,0.5,8176,7290,15466,0.4286
4,2.0,20,70,10,0.25,8218,7062,15280,0.4286
4,2.0,20,70,10,0.5,8176,7217,15393,0.4286
4,2.0,20,70,20,0.25,8218,7062,15280,0.4286
4,2.0,20,70,20,0.5,8176,7217,15393,0.4286
4,2.0,20,70,30,0.25,8218,7062,15280,0.4286
4,2.0,20,70,30,0.5,8176,7217,15393,0.4286
4,3.0,5,50,10,0.25,8218,7481,15699,0.4286
4,3.0,5,50,10,0.5,8176,7360,15536,0.4286
4,3.0,5,50,20,0.25,8218,7481,15699,0.4286
4,3.0,5,50,20,0.5,8176,7360,15536,0.4286
4,3.0,5,50,30,0.25,8218,7481,15699,0.4286
4,3.0,5,50,30,0.5,8176,7360,15536,0.4286
4,3.0,5,60,10,0.25,8218,7293,15511,0.4286
4,3.0,5,60,10,0.5,8176,7290,15466,0.4286
4,3.0,5,60,20,0.25,8218,7293,15511,0.4286
4,3.0,5,60,20,0.5,8176,7290,15466,0.4286
4,3.0,5,60,30,0.25,8218,7293,15511,0.4286
4,3.0,5,60,30,0.5,8176,7290,15466,0.4286
4,3.0,5,70,10,0.25,8218,7140,15358,0.4286
4,3.0,5,70,10,0.5,8176,7217,15393,0.4286
4,3.0,5,70,20,0.25,8218,7140,15358,0.4286
4,3.0,5,70,20,0.5,8176,7217,15393,0.4286
4,3.0,5,70,30,0.25,8218,7140,15358,0.4286
4,3.0,5,70,30,0.5,8176,7217,15393,0.4286
4,3.0,10,50,10,0.25,8218,7481,15699,0.4286
4,3.0,10,50,10,0.5,8176,7360,15536,0.4286
4,3.0,10,50,20,0.25,8218,7481,15699,0.4286
4,3.0,10,50,20,0.5,8176,7360,15536,0.4286
4,3.0,10,50,30,0.25,8218,7481,15699,0.4286
4,3.0,10,50,30,0.5,8176,7360,15536,0.4286
4,3.0,10,60,10,0.25,8218,7293,15511,0.4286
4,3.0,10,60,10,0.5,8176,7290,15466,0.4286
4,3.0,10,60,20,0.25,8218,7293,15511,0.4286
4,3.0,10,60,20,0.5,8176,7290,15466,0.4286
4,3.0,10,60,30,0.25,8218,7293,15511,0.4286
4,3.0,10,60,30,0.5,8176,7290,15466,0.4286
4,3.0,10,70,10,0.25,8218,7140,15358,0.4286
4,3.0,10,70,10,0.5,8176,7217,15393,0.4286
4,3.0,10,70,20,0.25,8218,7140,15358,0.4286
4,3.0,10,70,20,0.5,8176,7217,15393,0.4286
4,3.0,10,70,30,0.25,8218,7140,15358,0.4286
4,3.0,10,70,30,0.5,8176,7217,15393,0.4286
4,3.0,15,50,10,0.25,8218,7481,15699,0.4286
4,3.0,15,50,10,0.5,8176,7360,15536,0.4286
4,3.0,15,50,20,0.25,8218,7481,15699,0.4286
4,3.0,15,50,20,0.5,8176,7360,15536,0.4286
4,3.0,15,50,30,0.25,8218,7481,15699,0.4286
4,3.0,15,50,30,0.5,8176,7360,15536,0.4286
4,3.0,15,60,10,0.25,8218,7293,15511,0.4286
4,3.0,15,60,10,0.5,8176,7290,15466,0.4286
4,3.0,15,60,20,0.25,8218,7293,15511,0.4286
4,3.0,15,60,20,0.5,8176,7290,15466,0.4286
4,3.0,15,60,30,0.25,8218,7293,15511,0.4286
4,3.0,15,60,30,0.5,8176,7290,15466,0.4286
4,3.0,15,70,10,0.25,8218,7140,15358,0.4286
4,3.0,15,70,10,0.5,8176,7217,15393,0.4286
4,3.0,15,70,20,0.25,8218,7140,15358,0.4286
4,3.0,15,70,20,0.5,8176,7217,15393,0.4286
4,3.0,15,70,30,0.25,8218,7140,15358,0.4286
4,3.0,15,70,30,0.5,8176,7217,15393,0.4286
4,3.0,20,50,10,0.25,8218,7481,15699,0.4286
4,3.0,20,50,10,0.5,8176,7360,15536,0.4286
4,3.0,20,50,20,0.25,8218,7481,15699,0.4286
4,3.0,20,50,20,0.5,8176,7360,15536,0.4286
4,3.0,20,50,30,0.25,8218,7481,15699,0.4286
4,3.0,20,50,30,0.5,8176,7360,15536,0.4286
4,3.0,20,60,10,0.25,8218,7293,15511,0.4286
4,3.0,20,60,10,0.5,8176,7290,15466,0.4286
4,3.0,20,60,20,0.25,8218,7293,15511,0.4286
4,3.0,20,60,20,0.5,8176,7290,15466,0.4286
4,3.0,20,60,30,0.25,8218,7293,15511,0.4286
4,3.0,20,60,30,0.5,8176,7290,15466,0.4286
4,3.0,20,70,10,0.25,8218,7140,15358,0.4286
4,3.0,20,70,10,0.5,8176,7217,15393,0.4286
4,3.0,20,70,20,0.25,8218,7140,15358,0.4286
4,3.0,20,70,20,0.5,8176,7217,15393,0.4286
4,3.0,20,70,30,0.25,8218,7140,15358,0.4286
4,3.0,20,70,30,0.5,8176,7217,15393,0.4286
4,4.0,5,50,10,0.25,8218,7481,15699,0.4286
4,4.0,5,50,10,0.5,8176,7360,15536,0.4286
4,4.0,5,50,20,0.25,8218,7481,15699,0.4286
4,4.0,5,50,20,0.5,8176,7360,15536,0.4286
4,4.0,5,50,30,0.25,8218,7481,15699,0.4286
4,4.0,5,50,30,0.5,8176,7360,15536,0.4286
4,4.0,5,60,10,0.25,8218,7293,15511,0.4286
4,4.0,5,60,10,0.5,8176,7290,15466,0.4286
4,4.0,5,60,20,0.25,8218,7293,15511,0.4286
4,4.0,5,60,20,0.5,8176,7290,15466,0.4286
4,4.0,5,60,30,0.25,8218,7293,15511,0.4286
4,4.0,5,60,30,0.5,8176,7290,15466,0.4286
4,4.0,5,70,10,0.25,8218,7140,15358,0.4286
4,4.0,5,70,10,0.5,8176,7217,15393,0.4286
4,4.0,5,70,20,0.25,8218,7140,15358,0.4286
4,4.0,5,70,20,0.5,8176,7217,15393,0.4286
4,4.0,5,70,30,0.25,8218,7140,15358,0.4286
4,4.0,5,70,30,0.5,8176,7217,15393,0.4286
4,4.0,10,50,10,0.25,8218,7481,15699,0.4286
4,4.0,10,50,10,0.5,8176,7360,15536,0.4286
4,4.0,10,50,20,0.25,8218,7481,15699,0.4286
4,4.0,10,50,20,0.5,8176,7360,15536,0.4286
4,4.0,10,50,30,0.25,8218,7481,15699,0.4286
4,4.0,10,50,30,0.5,8176,7360,15536,0.4286
4,4.0,10,60,10,0.25,8218,7293,15511,0.4286
4,4.0,10,60,10,0.5,8176,7290,15466,0.4286
4,4.0,10,60,20,0.25,8218,7293,15511,0.4286
4,4.0,10,60,20,0.5,8176,7290,15466,0.4286
4,4.0,10,60,30,0.25,8218,7293,15511,0.4286
4,4.0,10,60,30,0.5,8176,7290,15466,0.4286
4,4.0,10,70,10,0.25,8218,7140,15358,0.4286
4,4.0,10,70,10,0.5,8176,7217,15393,0.4286
4,4.0,10,70,20,0.25,8218,7140,15358,0.4286
4,4.0,10,70,20,0.5,8176,7217,15393,0.4286
4,4.0,10,70,30,0.25,8218,7140,15358,0.4286
4,4.0,10,70,30,0.5,8176,7217,15393,0.4286
4,4.0,15,50,10,0.25,8218,7481,15699,0.4286
4,4.0,15,50,10,0.5,8176,7360,15536,0.4286
4,4.0,15,50,20,0.25,8218,7481,15699,0.4286
4,4.0,15,50,20,0.5,8176,7360,15536,0.4286
4,4.0,15,50,30,0.25,8218,7481,15699,0.4286
4,4.0,15,50,30,0.5,8176,7360,15536,0.4286
4,4.0,15,60,10,0.25,8218,7293,15511,0.4286
4,4.0,15,60,10,0.5,8176,7290,15466,0.4286
4,4.0,15,60,20,0.25,8218,7293,15511,0.4286
4,4.0,15,60,20,0.5,8176,7290,15466,0.4286
4,4.0,15,60,30,0.25,8218,7293,15511,0.4286
4,4.0,15,60,30,0.5,8176,7290,15466,0.4286
4,4.0,15,70,10,0.25,8218,7140,15358,0.4286
4,4.0,15,70,10,0.5,8176,7217,15393,0.4286
4,4.0,15,70,20,0.25,8218,7140,15358,0.4286
4,4.0,15,70,20,0.5,8176,7217,15393,0.4286
4,4.0,15,70,30,0.25,8218,7140,15358,0.4286
4,4.0,15,70,30,0.5,8176,7217,15393,0.4286
4,4.0,20,50,10,0.25,8218,7481,15699,0.4286
4,4.0,20,50,10,0.5,8176,7360,15536,0.4286
4,4.0,20,50,20,0.25,8218,7481,15699,0.4286
4,4.0,20,50,20,0.5,8176,7360,15536,0.4286
4,4.0,20,50,30,0.25,8218,7481,15699,0.4286
4,4.0,20,50,30,0.5,8176,7360,15536,0.4286
4,4.0,20,60,10,0.25,8218,7293,15511,0.4286
4,4.0,20,60,10,0.5,8176,7290,15466,0.4286
4,4.0,20,60,20,0.25,8218,7293,15511,0.4286
4,4.0,20,60,20,0.5,8176,7290,15466,0.4286
4,4.0,20,60,30,0.25,8218,7293,15511,0.4286
4,4.0,20,60,30,0.5,8176,7290,15466,0.4286
4,4.0,20,70,10,0.25,8218,7140,15358,0.4286
4,4.0,20,70,10,0.5,8176,7217,15393,0.4286
4,4.0,20,70,20,0.25,8218,7140,15358,0.4286
4,4.0,20,70,20,0.5,8176,7217,15393,0.4286
4,4.0,20,70,30,0.25,8218,7140,15358,0.4286
4,4.0,20,70,30,0.5,8176,7217,15393,0.4286
4,5.0,5,50,10,0.25,8218,7481,15699,0.4286
4,5.0,5,50,10,0.5,8176,7360,15536,0.4286
4,5.0,5,50,20,0.25,8218,7481,15699,0.4286
4,5.0,5,50,20,0.5,8176,7360,15536,0.4286
4,5.0,5,50,30,0.25,8218,7481,15699,0.4286
4,5.0,5,50,30,0.5,8176,7360,15536,0.4286
4,5.0,5,60,10,0.25,8218,7293,15511,0.4286
4,5.0,5,60,10,0.5,8176,7290,15466,0.4286
4,5.0,5,60,20,0.25,8218,7293,15511,0.4286
4,5.0,5,60,20,0.5,8176,7290,15466,0.4286
4,5.0,5,60,30,0.25,8218,7293,15511,0.4286
4,5.0,5,60,30,0.5,8176,7290,15466,0.4286
4,5.0,5,70,10,0.25,8218,7140,15358,0.4286
4,5.0,5,70,10,0.5,8176,7217,15393,0.4286
4,5.0,5,70,20,0.25,8218,7140,15358,0.4286
4,5.0,5,70,20,0.5,8176,7217,15393,0.4286
4,5.0,5,70,30,0.25,8218,7140,15358,0.4286
4,5.0,5,70,30,0.5,8176,7217,15393,0.4286
4,5.0,10,50,10,0.25,8218,7481,15699,0.4286
4,5.0,10,50,10,0.5,8176,7360,15536,0.4286
4,5.0,10,50,20,0.25,8218,7481,15699,0.4286
4,5.0,10,50,20,0.5,8176,7360,15536,0.4286
4,5.0,10,50,30,0.25,8218,7481,15699,0.4286
4,5.0,10,50,30,0.5,8176,7360,15536,0.4286
4,5.0,10,60,10,0.25,8218,7293,15511,0.4286
4,5.0,10,60,10,0.5,8176,7290,15466,0.4286
4,5.0,10,60,20,0.25,8218,7293,15511,0.4286
4,5.0,10,60,20,0.5,8176,7290,15466,0.4286
4,5.0,10,60,30,0.25,8218,7293,15511,0.4286
4,5.0,10,60,30,0.5,8176,7290,15466,0.4286
4,5.0,10,70,10,0.25,8218,7140,15358,0.4286
4,5.0,10,70,10,0.5,8176,7217,15393,0.4286
4,5.0,10,70,20,0.25,8218,7140,15358,0.4286
4,5.0,10,70,20,0.5,8176,7217,15393,0.4286
4,5.0,10,70,30,0.25,8218,7140,15358,0.4286
4,5.0,10,70,30,0.5,8176,7217,15393,0.4286
4,5.0,15,50,10,0.25,8218,7481,15699,0.4286
4,5.0,15,50,10,0.5,8176,7360,15536,0.4286
4,5.0,15,50,20,0.25,8218,7481,15699,0.4286
4,5.0,15,50,20,0.5,8176,7360,15536,0.4286
4,5.0,15,50,30,0.25,8218,7481,15699,0.4286
4,5.0,15,50,30,0.5,8176,7360,15536,0.4286
4,5.0,15,60,10,0.25,8218,7293,15511,0.4286
4,5.0,15,60,10,0.5,8176,7290,15466,0.4286
4,5.0,15,60,20,0.25,8218,7293,15511,0.4286
4,5.0,15,60,20,0.5,8176,7290,15466,0.4286
4,5.0,15,60,30,0.25,8218,7293,15511,0.4286
4,5.0,15,60,30,0.5,8176,7290,15466,0.4286
4,5.0,15,70,10,0.25,8218,7140,15358,0.4286
4,5.0,15,70,10,0.5,8176,7217,15393,0.4286
4,5.0,15,70,20,0.25,8218,7140,15358,0.4286
4,5.0,15,70,20,0.5,8176,7217,15393,0.4286
4,5.0,15,70,30,0.25,8218,7140,15358,0.4286
4,5.0,15,70,30,0.5,8176,7217,15393,0.4286
4,5.0,20,50,10,0.25,8218,7481,15699,0.4286
4,5.0,20,50,10,0.5,8176,7360,15536,0.4286
4,5.0,20,50,20,0.25,8218,7481,15699,0.4286
4,5.0,20,50,20,0.5,8176,7360,15536,0.4286
4,5.0,20,50,30,0.25,8218,7481,15699,0.4286
4,5.0,20,50,30,0.5,8176,7360,15536,0.4286
4,5.0,20,60,10,0.25,8218,7293,15511,0.4286
4,5.0,20,60,10,0.5,8176,7290,15466,0.4286
4,5.0,20,60,20,0.25,8218,7293,15511,0.4286
4,5.0,20,60,20,0.5,8176,7290,15466,0.4286
4,5.0,20,60,30,0.25,8218,7293,15511,0.4286
4,5.0,20,60,30,0.5,8176,7290,15466,0.4286
4,5.0,20,70,10,0.25,8218,7140,15358,0.4286
4,5.0,20,70,10,0.5,8176,7217,15393,0.4286
4,5.0,20,70,20,0.25,8218,7140,15358,0.4286
4,5.0,20,70,20,0.5,8176,7217,15393,0.4286
4,5.0,20,70,30,0.25,8218,7140,15358,0.4286
4,5.0,20,70,30,0.5,8176,7217,15393,0.4286
6,1.0,5,50,10,0.25,8216,7355,15571,0.4286
6,1.0,5,50,10,0.5,8181,7382,15563,0.4286
6,1.0,5,50,20,0.25,8216,7355,15571,0.4286
6,1.0,5,50,20,0.5,8181,7382,15563,0.4286
6,1.0,5,50,30,0.25,8216,7355,15571,0.4286
6,1.0,5,50,30,0.5,8181,7382,15563,0.4286
6,1.0,5,60,10,0.25,8216,7180,15396,0.4286
6,1.0,5,60,10,0.5,8181,7313,15494,0.4286
6,1.0,5,60,20,0.25,8216,7180,15396,0.4286
6,1.0,5,60,20,0.5,8181,7313,15494,0.4286
6,1.0,5,60,30,0.25,8216,7180,15396,0.4286
6,1.0,5,60,30,0.5,8181,7313,15494,0.4286
6,1.0,5,70,10,0.25,8216,6998,15214,0.4286
6,1.0,5,70,10,0.5,8181,7230,15411,0.4286
6,1.0,5,70,20,0.25,8216,6998,15214,0.4286
6,1.0,5,70,20,0.5,8181,7230,15411,0.4286
6,1.0,5,70,30,0.25,8216,6998,15214,0.4286
6,1.0,5,70,30,0.5,8181,7230,15411,0.4286
6,1.0,10,50,10,0.25,8216,7355,15571,0.4286
6,1.0,10,50,10,0.5,8181,7382,15563,0.4286
6,1.0,10,50,20,0.25,8216,7355,15571,0.4286
6,1.0,10,50,20,0.5,8181,7382,15563,0.4286
6,1.0,10,50,30,0.25,8216,7355,15571,0.4286
6,1.0,10,50,30,0.5,8181,7382,15563,0.4286
6,1.0,10,60,10,0.25,8216,7180,15396,0.4286
6,1.0,10,60,10,0.5,8181,7313,15494,0.4286
6,1.0,10,60,20,0.25,8216,7180,15396,0.4286
6,1.0,10,60,20,0.5,8181,7313,15494,0.4286
6,1.0,10,60,30,0.25,8216,7180,15396,0.4286
6,1.0,10,60,30,0.5,8181,7313,15494,0.4286
6,1.0,10,70,10,0.25,8216,6998,15214,0.4286
6,1.0,10,70,10,0.5,8181,7230,15411,0.4286
6,1.0,10,70,20,0.25,8216,6998,15214,0.4286
6,1.0,10,70,20,0.5,8181,7230,15411,0.4286
6,1.0,10,70,30,0.25,8216,6998,15214,0.4286
6,1.0,10,70,30,0.5,8181,7230,15411,0.4286
6,1.0,15,50,10,0.25,8216,7355,15571,0.4286
6,1.0,15,50,10,0.5,8181,7382,15563,0.4286
6,1.0,15,50,20,0.25,8216,7355,15571,0.4286
6,1.0,15,50,20,0.5,8181,7382,15563,0.4286
6,1.0,15,50,30,0.25,8216,7355,15571,0.4286
6,1.0,15,50,30,0.5,8181,7382,15563,0.4286
6,1.0,15,60,10,0.25,8216,7180,15396,0.4286
6,1.0,15,60,10,0.5,8181,7313,15494,0.4286
6,1.0,15,60,20,0.25,8216,7180,15396,0.4286
6,1.0,15,60,20,0.5,8181,7313,15494,0.4286
6,1.0,15,60,30,0.25,8216,7180,15396,0.4286
6,1.0,15,60,30,0.5,8181,7313,15494,0.4286
6,1.0,15,70,10,0.25,8216,6998,15214,0.4286
6,1.0,15,70,10,0.5,8181,7230,15411,0.4286
6,1.0,15,70,20,0.25,8216,6998,15214,0.4286
6,1.0,15,70,20,0.5,8181,7230,15411,0.4286
6,1.0,15,70,30,0.25,8216,6998,15214,0.4286
6,1.0,15,70,30,0.5,8181,7230,15411,0.4286
6,1.0,20,50,10,0.25,8216,7355,15571,0.4286
6,1.0,20,50,10,0.5,8181,7382,15563,0.4286
6,1.0,20,50,20,0.25,8216,7355,15571,0.4286
6,1.0,20,50,20,0.5,8181,7382,15563,0.4286
6,1.0,20,50,30,0.25,8216,7355,15571,0.4286
6,1.0,20,50,30,0.5,8181,7382,15563,0.4286
6,1.0,20,60,10,0.25,8216,7180,15396,0.4286
6,1.0,20,60,10,0.5,8181,7313,15494,0.4286
6,1.0,20,60,20,0.25,8216,7180,15396,0.4286
6,1.0,20,60,20,0.5,8181,7313,15494,0.4286
6,1.0,20,60,30,0.25,8216,7180,15396,0.4286
6,1.0,20,60,30,0.5,8181,7313,15494,0.4286
6,1.0,20,70,10,0.25,8216,6998,15214,0.4286
6,1.0,20,70,10,0.5,8181,7230,15411,0.4286
6,1.0,20,70,20,0.25,8216,6998,15214,0.4286
6,1.0,20,70,20,0.5,8181,7230,15411,0.4286
6,1.0,20,70,30,0.25,8216,6998,15214,0.4286
6,1.0,20,70,30,0.5,8181,7230,15411,0.4286
6,2.0,5,50,10,0.25,8216,7355,15571,0.4286
6,2.0,5,50,10,0.5,8181,7382,15563,0.4286
6,2.0,5,50,20,0.25,8216,7355,15571,0.4286
6,2.0,5,50,20,0.5,8181,7382,15563,0.4286
6,2.0,5,50,30,0.25,8216,7355,15571,0.4286
6,2.0,5,50,30,0.5,8181,7382,15563,0.4286
6,2.0,5,60,10,0.25,8216,7180,15396,0.4286
6,2.0,5,60,10,0.5,8181,7313,15494,0.4286
6,2.0,5,60,20,0.25,8216,7180,15396,0.4286
6,2.0,5,60,20,0.5,8181,7313,15494,0.4286
6,2.0,5,60,30,0.25,8216,7180,15396,0.4286
6,2.0,5,60,30,0.5,8181,7313,15494,0.4286
6,2.0,5,70,10,0.25,8216,6998,15214,0.4286
6,2.0,5,70,10,0.5,8181,7230,15411,0.4286
6,2.0,5,70,20,0.25,8216,6998,15214,0.4286
6,2.0,5,70,20,0.5,8181,7230,15411,0.4286
6,2.0,5,70,30,0.25,8216,6998,15214,0.4286
6,2.0,5,70,30,0.5,8181,7230,15411,0.4286
6,2.0,10,50,10,0.25,8216,7355,15571,0.4286
6,2.0,10,50,10,0.5,8181,7382,15563,0.4286
6,2.0,10,50,20,0.25,8216,7355,15571,0.4286
6,2.0,10,50,20,0.5,8181,7382,15563,0.4286
6,2.0,10,50,30,0.25,8216,7355,15571,0.4286
6,2.0,10,50,30,0.5,8181,7382,15563,0.4286
6,2.0,10,60,10,0.25,8216,7180,15396,0.4286
6,2.0,10,60,10,0.5,8181,7313,15494,0.4286
6,2.0,10,60,20,0.25,8216,7180,15396,0.4286
6,2.0,10,60,20,0.5,8181,7313,15494,0.4286
6,2.0,10,60,30,0.25,8216,7180,15396,0.4286
6,2.0,10,60,30,0.5,8181,7313,15494,0.4286
6,2.0,10,70,10,0.25,8216,6998,15214,0.4286
6,2.0,10,70,10,0.5,8181,7230,15411,0.4286
6,2.0,10,70,20,0.25,8216,6998,15214,0.4286
6,2.0,10,70,20,0.5,8181,7230,15411,0.4286
6,2.0,10,70,30,0.25,8216,6998,15214,0.4286
6,2.0,10,70,30,0.5,8181,7230,15411,0.4286
6,2.0,15,50,10,0.25,8216,7355,15571,0.4286
6,2.0,15,50,10,0.5,8181,7382,15563,0.4286
6,2.0,15,50,20,0.25,8216,7355,15571,0.4286
6,2.0,15,50,20,0.5,8181,7382,15563,0.4286
6,2.0,15,50,30,0.25,8216,7355,15571,0.4286
6,2.0,15,50,30,0.5,8181,7382,15563,0.4286
6,2.0,15,60,10,0.25,8216,7180,15396,0.4286
6,2.0,15,60,10,0.5,8181,7313,15494,0.4286
6,2.0,15,60,20,0.25,8216,7180,15396,0.4286
6,2.0,15,60,20,0.5,8181,7313,15494,0.4286
6,2.0,15,60,30,0.25,8216,7180,15396,0.4286
6,2.0,15,60,30,0.5,8181,7313,15494,0.4286
6,2.0,15,70,10,0.25,8216,6998,15214,0.4286
6,2.0,15,70,10,0.5,8181,7230,15411,0.4286
6,2.0,15,70,20,0.25,8216,6998,15214,0.4286
6,2.0,15,70,20,0.5,8181,7230,15411,0.4286
6,2.0,15,70,30,0.25,8216,6998,15214,0.4286
6,2.0,15,70,30,0.5,8181,7230,15411,0.4286
6,2.0,20,50,10,0.25,8216,7355,15571,0.4286
6,2.0,20,50,10,0.5,8181,7382,15563,0.4286
6,2.0,20,50,20,0.25,8216,7355,15571,0.4286
6,2.0,20,50,20,0.5,8181,7382,15563,0.4286
6,2.0,20,50,30,0.25,8216,7355,15571,0.4286
6,2.0,20,50,30,0.5,8181,7382,15563,0.4286
6,2.0,20,60,10,0.25,8216,7180,15396,0.4286
6,2.0,20,60,10,0.5,8181,7313,15494,0.4286
6,2.0,20,60,20,0.25,8216,7180,15396,0.4286
6,2.0,20,60,20,0.5,8181,7313,15494,0.4286
6,2.0,20,60,30,0.25,8216,7180,15396,0.4286
6,2.0,20,60,30,0.5,8181,7313,15494,0.4286
6,2.0,20,70,10,0.25,8216,6998,15214,0.4286
6,2.0,20,70,10,0.5,8181,7230,15411,0.4286
6,2.0,20,70,20,0.25,8216,6998,15214,0.4286
6,2.0,20,70,20,0.5,8181,7230,15411,0.4286
6,2.0,20,70,30,0.25,8216,6998,15214,0.4286
6,2.0,20,70,30,0.5,8181,7230,15411,0.4286
6,3.0,5,50,10,0.25,8216,7582,15798,0.4286
6,3.0,5,50,10,0.5,8181,7382,15563,0.4286
6,3.0,5,50,20,0.25,8216,7582,15798,0.4286
6,3.0,5,50,20,0.5,8181,7382,15563,0.4286
6,3.0,5,50,30,0.25,8216,7582,15798,0.4286
6,3.0,5,50,30,0.5,8181,7382,15563,0.4286
6,3.0,5,60,10,0.25,8216,7381,15597,0.4286
6,3.0,5,60,10,0.5,8181,7313,15494,0.4286
6,3.0,5,60,20,0.25,8216,7381,15597,0.4286
6,3.0,5,60,20,0.5,8181,7313,15494,0.4286
6,3.0,5,60,30,0.25,8216,7381,15597,0.4286
6,3.0,5,60,30,0.5,8181,7313,15494,0.4286
6,3.0,5,70,10,0.25,8216,7175,15391,0.4286
6,3.0,5,70,10,0.5,8181,7230,15411,0.4286
6,3.0,5,70,20,0.25,8216,7175,15391,0.4286
6,3.0,5,70,20,0.5,8181,7230,15411,0.4286
6,3.0,5,70,30,0.25,8216,7175,15391,0.4286
6,3.0,5,70,30,0.5,8181,7230,15411,0.4286
6,3.0,10,50,10,0.25,8216,7582,15798,0.4286
6,3.0,10,50,10,0.5,8181,7382,15563,0.4286
6,3.0,10,50,20,0.25,8216,7582,15798,0.4286
6,3.0,10,50,20,0.5,8181,7382,15563,0.4286
6,3.0,10,50,30,0.25,8216,7582,15798,0.4286
6,3.0,10,50,30,0.5,8181,7382,15563,0.4286
6,3.0,10,60,10,0.25,8216,7381,15597,0.4286
6,3.0,10,60,10,0.5,8181,7313,15494,0.4286
6,3.0,10,60,20,0.25,8216,7381,15597,0.4286
6,3.0,10,60,20,0.5,8181,7313,15494,0.4286
6,3.0,10,60,30,0.25,8216,7381,15597,0.4286
6,3.0,10,60,30,0.5,8181,7313,15494,0.4286
6,3.0,10,70,10,0.25,8216,7175,15391,0.4286
6,3.0,10,70,10,0.5,8181,7230,15411,0.4286
6,3.0,10,70,20,0.25,8216,7175,15391,0.4286
6,3.0,10,70,20,0.5,8181,7230,15411,0.4286
6,3.0,10,70,30,0.25,8216,7175,15391,0.4286
6,3.0,10,70,30,0.5,8181,7230,15411,0.4286
6,3.0,15,50,10,0.25,8216,7582,15798,0.4286
6,3.0,15,50,10,0.5,8181,7382,15563,0.4286
6,3.0,15,50,20,0.25,8216,7582,15798,0.4286
6,3.0,15,50,20,0.5,8181,7382,15563,0.4286
6,3.0,15,50,30,0.25,8216,7582,15798,0.4286
6,3.0,15,50,30,0.5,8181,7382,15563,0.4286
6,3.0,15,60,10,0.25,8216,7381,15597,0.4286
6,3.0,15,60,10,0.5,8181,7313,15494,0.4286
6,3.0,15,60,20,0.25,8216,7381,15597,0.4286
6,3.0,15,60,20,0.5,8181,7313,15494,0.4286
6,3.0,15,60,30,0.25,8216,7381,15597,0.4286
6,3.0,15,60,30,0.5,8181,7313,15494,0.4286
6,3.0,15,70,10,0.25,8216,7175,15391,0.4286
6,3.0,15,70,10,0.5,8181,7230,15411,0.4286
6,3.0,15,70,20,0.25,8216,7175,15391,0.4286
6,3.0,15,70,20,0.5,8181,7230,15411,0.4286
6,3.0,15,70,30,0.25,8216,7175,15391,0.4286
6,3.0,15,70,30,0.5,8181,7230,15411,0.4286
6,3.0,20,50,10,0.25,8216,7582,15798,0.4286
6,3.0,20,50,10,0.5,8181,7382,15563,0.4286
6,3.0,20,50,20,0.25,8216,7582,15798,0.4286
6,3.0,20,50,20,0.5,8181,7382,15563,0.4286
6,3.0,20,50,30,0.25,8216,7582,15798,0.4286
6,3.0,20,50,30,0.5,8181,7382,15563,0.4286
6,3.0,20,60,10,0.25,8216,7381,15597,0.4286
6,3.0,20,60,10,0.5,8181,7313,15494,0.4286
6,3.0,20,60,20,0.25,8216,7381,15597,0.4286
6,3.0,20,60,20,0.5,8181,7313,15494,0.4286
6,3.0,20,60,30,0.25,8216,7381,15597,0.4286
6,3.0,20,60,30,0.5,8181,7313,15494,0.4286
6,3.0,20,70,10,0.25,8216,7175,15391,0.4286
6,3.0,20,70,10,0.5,8181,7230,15411,0.4286
6,3.0,20,70,20,0.25,8216,7175,15391,0.4286
6,3.0,20,70,20,0.5,8181,7230,15411,0.4286
6,3.0,20,70,30,0.25,8216,7175,15391,0.4286
6,3.0,20,70,30,0.5,8181,7230,15411,0.4286
6,4.0,5,50,10,0.25,8216,7582,15798,0.4286
6,4.0,5,50,10,0.5,8181,7382,15563,0.4286
6,4.0,5,50,20,0.25,8216,7582,15798,0.4286
6,4.0,5,50,20,0.5,8181,7382,15563,0.4286
6,4.0,5,50,30,0.25,8216,7582,15798,0.4286
6,4.0,5,50,30,0.5,8181,7382,15563,0.4286
6,4.0,5,60,10,0.25,8216,7381,15597,0.4286
6,4.0,5,60,10,0.5,8181,7313,15494,0.4286
6,4.0,5,60,20,0.25,8216,7381,15597,0.4286
6,4.0,5,60,20,0.5,8181,7313,15494,0.4286
6,4.0,5,60,30,0.25,8216,7381,15597,0.4286
6,4.0,5,60,30,0.5,8181,7313,15494,0.4286
6,4.0,5,70,10,0.25,8216,7175,15391,0.4286
6,4.0,5,70,10,0.5,8181,7230,15411,0.4286
6,4.0,5,70,20,0.25,8216,7175,15391,0.4286
6,4.0,5,70,20,0.5,8181,7230,15411,0.4286
6,4.0,5,70,30,0.25,8216,7175,15391,0.4286
6,4.0,5,70,30,0.5,8181,7230,15411,0.4286
6,4.0,10,50,10,0.25,8216,7582,15798,0.4286
6,4.0,10,50,10,0.5,8181,7382,15563,0.4286
6,4.0,10,50,20,0.25,8216,7582,15798,0.4286
6,4.0,10,50,20,0.5,8181,7382,15563,0.4286
6,4.0,10,50,30,0.25,8216,7582,15798,0.4286
6,4.0,10,50,30,0.5,8181,7382,15563,0.4286
6,4.0,10,60,10,0.25,8216,7381,15597,0.4286
6,4.0,10,60,10,0.5,8181,7313,15494,0.4286
6,4.0,10,60,20,0.25,8216,7381,15597,0.4286
6,4.0,10,60,20,0.5,8181,7313,15494,0.4286
6,4.0,10,60,30,0.25,8216,7381,15597,0.4286
6,4.0,10,60,30,0.5,8181,7313,15494,0.4286
6,4.0,10,70,10,0.25,8216,7175,15391,0.4286
6,4.0,10,70,10,0.5,8181,7230,15411,0.4286
6,4.0,10,70,20,0.25,8216,7175,15391,0.4286
6,4.0,10,70,20,0.5,8181,7230,15411,0.4286
6,4.0,10,70,30,0.25,8216,7175,15391,0.4286
6,4.0,10,70,30,0.5,8181,7230,15411,0.4286
6,4.0,15,50,10,0.25,8216,7582,15798,0.4286
6,4.0,15,50,10,0.5,8181,7382,15563,0.4286
6,4.0,15,50,20,0.25,8216,7582,15798,0.4286
6,4.0,15,50,20,0.5,8181,7382,15563,0.4286
6,4.0,15,50,30,0.25,8216,7582,15798,0.4286
6,4.0,15,50,30,0.5,8181,7382,15563,0.4286
6,4.0,15,60,10,0.25,8216,7381,15597,0.4286
6,4.0,15,60,10,0.5,8181,7313,15494,0.4286
6,4.0,15,60,20,0.25,8216,7381,15597,0.4286
6,4.0,15,60,20,0.5,8181,7313,15494,0.4286
6,4.0,15,60,30,0.25,8216,7381,15597,0.4286
6,4.0,15,60,30,0.5,8181,7313,15494,0.4286
6,4.0,15,70,10,0.25,8216,7175,15391,0.4286
6,4.0,15,70,10,0.5,8181,7230,15411,0.4286
6,4.0,15,70,20,0.25,8216,7175,15391,0.4286
6,4.0,15,70,20,0.5,8181,7230,15411,0.4286
6,4.0,15,70,30,0.25,8216,7175,15391,0.4286
6,4.0,15,70,30,0.5,8181,7230,15411,0.4286
6,4.0,20,50,10,0.25,8216,7582,15798,0.4286
6,4.0,20,50,10,0.5,8181,7382,15563,0.4286
6,4.0,20,50,20,0.25,8216,7582,15798,0.4286
6,4.0,20,50,20,0.5,8181,7382,15563,0.4286
6,4.0,20,50,30,0.25,8216,7582,15798,0.4286
6,4.0,20,50,30,0.5,8181,7382,15563,0.4286
6,4.0,20,60,10,0.25,8216,7381,15597,0.4286
6,4.0,20,60,10,0.5,8181,7313,15494,0.4286
6,4.0,20,60,20,0.25,8216,7381,15597,0.4286
6,4.0,20,60,20,0.5,8181,7313,15494,0.4286
6,4.0,20,60,30,0.25,8216,7381,15597,0.4286
6,4.0,20,60,30,0.5,8181,7313,15494,0.4286
6,4.0,20,70,10,0.25,8216,7175,15391,0.4286
6,4.0,20,70,10,0.5,8181,7230,15411,0.4286
6,4.0,20,70,20,0.25,8216,7175,15391,0.4286
6,4.0,20,70,20,0.5,8181,7230,15411,0.4286
6,4.0,20,70,30,0.25,8216,7175,15391,0.4286
6,4.0,20,70,30,0.5,8181,7230,15411,0.4286
6,5.0,5,50,10,0.25,8216,7582,15798,0.4286
6,5.0,5,50,10,0.5,8181,7382,15563,0.4286
6,5.0,5,50,20,0.25,8216,7582,15798,0.4286
6,5.0,5,50,20,0.5,8181,7382,15563,0.4286
6,5.0,5,50,30,0.25,8216,7582,15798,0.4286
6,5.0,5,50,30,0.5,8181,7382,15563,0.4286
6,5.0,5,60,10,0.25,8216,7381,15597,0.4286
6,5.0,5,60,10,0.5,8181,7313,15494,0.4286
6,5.0,5,60,20,0.25,8216,7381,15597,0.4286
6,5.0,5,60,20,0.5,8181,7313,15494,0.4286
6,5.0,5,60,30,0.25,8216,7381,15597,0.4286
6,5.0,5,60,30,0.5,8181,7313,15494,0.4286
6,5.0,5,70,10,0.25,8216,7175,15391,0.4286
6,5.0,5,70,10,0.5,8181,7230,15411,0.4286
6,5.0,5,70,20,0.25,8216,7175,15391,0.4286
6,5.0,5,70,20,0.5,8181,7230,15411,0.4286
6,5.0,5,70,30,0.25,8216,7175,15391,0.4286
6,5.0,5,70,30,0.5,8181,7230,15411,0.4286
6,5.0,10,50,10,0.25,8216,7582,15798,0.4286
6,5.0,10,50,10,0.5,8181,7382,15563,0.4286
6,5.0,10,50,20,0.25,8216,7582,15798,0.4286
6,5.0,10,50,20,0.5,8181,7382,15563,0.4286
6,5.0,10,50,30,0.25,8216,7582,15798,0.4286
6,5.0,10,50,30,0.5,8181,7382,15563,0.4286
6,5.0,10,60,10,0.25,8216,7381,15597,0.4286
6,5.0,10,60,10,0.5,8181,7313,15494,0.4286
6,5.0,10,60,20,0.25,8216,7381,15597,0.4286
6,5.0,10,60,20,0.5,8181,7313,15494,0.4286
6,5.0,10,60,30,0.25,8216,7381,15597,0.4286
6,5.0,10,60,30,0.5,8181,7313,15494,0.4286
6,5.0,10,70,10,0.25,8216,7175,15391,0.4286
6,5.0,10,70,10,0.5,8181,7230,15411,0.4286
6,5.0,10,70,20,0.25,8216,7175,15391,0.4286
6,5.0,10,70,20,0.5,8181,7230,15411,0.4286
6,5.0,10,70,30,0.25,8216,7175,15391,0.4286
6,5.0,10,70,30,0.5,8181,7230,15411,0.4286
6,5.0,15,50,10,0.25,8216,7582,15798,0.4286
6,5.0,15,50,10,0.5,8181,7382,15563,0.4286
6,5.0,15,50,20,0.25,8216,7582,15798,0.4286
6,5.0,15,50,20,0.5,8181,7382,15563,0.4286
6,5.0,15,50,30,0.25,8216,7582,15798,0.4286
6,5.0,15,50,30,0.5,8181,7382,15563,0.4286
6,5.0,15,60,10,0.25,8216,7381,15597,0.4286
6,5.0,15,60,10,0.5,8181,7313,15494,0.4286
6,5.0,15,60,20,0.25,8216,7381,15597,0.4286
6,5.0,15,60,20,0.5,8181,7313,15494,0.4286
6,5.0,15,60,30,0.25,8216,7381,15597,0.4286
6,5.0,15,60,30,0.5,8181,7313,15494,0.4286
6,5.0,15,70,10,0.25,8216,7175,15391,0.4286
6,5.0,15,70,10,0.5,8181,7230,15411,0.4286
6,5.0,15,70,20,0.25,8216,7175,15391,0.4286
6,5.0,15,70,20,0.5,8181,7230,15411,0.4286
6,5.0,15,70,30,0.25,8216,7175,15391,0.4286
6,5.0,15,70,30,0.5,8181,7230,15411,0.4286
6,5.0,20,50,10,0.25,8216,7582,15798,0.4286
6,5.0,20,50,10,0.5,8181,7382,15563,0.4286
6,5.0,20,50,20,0.25,8216,7582,15798,0.4286
6,5.0,20,50,20,0.5,8181,7382,15563,0.4286
6,5.0,20,50,30,0.25,8216,7582,15798,0.4286
6,5.0,20,50,30,0.5,8181,7382,15563,0.4286
6,5.0,20,60,10,0.25,8216,7381,15597,0.4286
6,5.0,20,60,10,0.5,8181,7313,15494,0.4286
6,5.0,20,60,20,0.25,8216,7381,15597,0.4286
6,5.0,20,60,20,0.5,8181,7313,15494,0.4286
6,5.0,20,60,30,0.25,8216,7381,15597,0.4286
6,5.0,20,60,30,0.5,8181,7313,15494,0.4286
6,5.0,20,70,10,0.25,8216,7175,15391,0.4286
6,5.0,20,70,10,0.5,8181,7230,15411,0.4286
6,5.0,20,70,20,0.25,8216,7175,15391,0.4286
6,5.0,20,70,20,0.5,8181,7230,15411,0.4286
6,5.0,20,70,30,0.25,8216,7175,15391,0.4286
6,5.0,20,70,30,0.5,8181,7230,15411,0.4286
8,1.0,5,50,10,0.25,8216,7273,15489,0.4286
8,1.0,5,50,10,0.5,8208,7260,15468,0.4286
8,1.0,5,50,20,0.25,8216,7273,15489,0.4286
8,1.0,5,50,20,0.5,8208,7260,15468,0.4286
8,1.0,5,50,30,0.25,8216,7273,15489,0.4286
8,1.0,5,50,30,0.5,8208,7260,15468,0.4286
8,1.0,5,60,10,0.25,8216,7035,15251,0.4286
8,1.0,5,60,10,0.5,8208,7167,15375,0.4286
8,1.0,5,60,20,0.25,8216,7035,15251,0.4286
8,1.0,5,60,20,0.5,8208,7167,15375,0.4286
8,1.0,5,60,30,0.25,8216,7035,15251,0.4286
8,1.0,5,60,30,0.5,8208,7167,15375,0.4286
8,1.0,5,70,10,0.25,8216,6889,15105,0.4286
8,1.0,5,70,10,0.5,8208,7095,15303,0.4286
8,1.0,5,70,20,0.25,8216,6889,15105,0.4286
8,1.0,5,70,20,0.5,8208,7095,15303,0.4286
8,1.0,5,70,30,0.25,8216,6889,15105,0.4286
8,1.0,5,70,30,0.5,8208,7095,15303,0.4286
8,1.0,10,50,10,0.25,8216,7273,15489,0.4286
8,1.0,10,50,10,0.5,8208,7260,15468,0.4286
8,1.0,10,50,20,0.25,8216,7273,15489,0.4286
8,1.0,10,50,20,0.5,8208,7260,15468,0.4286
8,1.0,10,50,30,0.25,8216,7273,15489,0.4286
8,1.0,10,50,30,0.5,8208,7260,15468,0.4286
8,1.0,10,60,10,0.25,8216,7035,15251,0.4286
8,1.0,10,60,10,0.5,8208,7167,15375,0.4286
8,1.0,10,60,20,0.25,8216,7035,15251,0.4286
8,1.0,10,60,20,0.5,8208,7167,15375,0.4286
8,1.0,10,60,30,0.25,8216,7035,15251,0.4286
8,1.0,10,60,30,0.5,8208,7167,15375,0.4286
8,1.0,10,70,10,0.25,8216,6889,15105,0.4286
8,1.0,10,70,10,0.5,8208,7095,15303,0.4286
8,1.0,10,70,20,0.25,8216,6889,15105,0.4286
8,1.0,10,70,20,0.5,8208,7095,15303,0.4286
8,1.0,10,70,30,0.25,8216,6889,15105,0.4286
8,1.0,10,70,30,0.5,8208,7095,15303,0.4286
8,1.0,15,50,10,0.25,8216,7273,15489,0.4286
8,1.0,15,50,10,0.5,8208,7260,15468,0.4286
8,1.0,15,50,20,0.25,8216,7273,15489,0.4286
8,1.0,15,50,20,0.5,8208,7260,15468,0.4286
8,1.0,15,50,30,0.25,8216,7273,15489,0.4286
8,1.0,15,50,30,0.5,8208,7260,15468,0.4286
8,1.0,15,60,10,0.25,8216,7035,15251,0.4286
8,1.0,15,60,10,0.5,8208,7167,15375,0.4286
8,1.0,15,60,20,0.25,8216,7035,15251,0.4286
8,1.0,15,60,20,0.5,8208,7167,15375,0.4286
8,1.0,15,60,30,0.25,8216,7035,15251,0.4286
8,1.0,15,60,30,0.5,8208,7167,15375,0.4286
8,1.0,15,70,10,0.25,8216,6889,15105,0.4286
8,1.0,15,70,10,0.5,8208,7095,15303,0.4286
8,1.0,15,70,20,0.25,8216,6889,15105,0.4286
8,1.0,15,70,20,0.5,8208,7095,15303,0.4286
8,1.0,15,70,30,0.25,8216,6889,15105,0.4286
8,1.0,15,70,30,0.5,8208,7095,15303,0.4286
8,1.0,20,50,10,0.25,8216,7273,15489,0.4286
8,1.0,20,50,10,0.5,8208,7260,15468,0.4286
8,1.0,20,50,20,0.25,8216,7273,15489,0.4286
8,1.0,20,50,20,0.5,8208,7260,15468,0.4286
8,1.0,20,50,30,0.25,8216,7273,15489,0.4286
8,1.0,20,50,30,0.5,8208,7260,15468,0.4286
8,1.0,20,60,10,0.25,8216,7035,15251,0.4286
8,1.0,20,60,10,0.5,8208,7167,15375,0.4286
8,1.0,20,60,20,0.25,8216,7035,15251,0.4286
8,1.0,20,60,20,0.5,8208,7167,15375,0.4286
8,1.0,20,60,30,0.25,8216,7035,15251,0.4286
8,1.0,20,60,30,0.5,8208,7167,15375,0.4286
8,1.0,20,70,10,0.25,8216,6889,15105,0.4286
8,1.0,20,70,10,0.5,8208,7095,15303,0.4286
8,1.0,20,70,20,0.25,8216,6889,15105,0.4286
8,1.0,20,70,20,0.5,8208,7095,15303,0.4286
8,1.0,20,70,30,0.25,8216,6889,15105,0.4286
8,1.0,20,70,30,0.5,8208,7095,15303,0.4286
8,2.0,5,50,10,0.25,8216,7273,15489,0.4286
8,2.0,5,50,10,0.5,8208,7260,15468,0.4286
8,2.0,5,50,20,0.25,8216,7273,15489,0.4286
8,2.0,5,50,20,0.5,8208,7260,15468,0.4286
8,2.0,5,50,30,0.25,8216,7273,15489,0.4286
8,2.0,5,50,30,0.5,8208,7260,15468,0.4286
8,2.0,5,60,10,0.25,8216,7035,15251,0.4286
8,2.0,5,60,10,0.5,8208,7167,15375,0.4286
8,2.0,5,60,20,0.25,8216,7035,15251,0.4286
8,2.0,5,60,20,0.5,8208,7167,15375,0.4286
8,2.0,5,60,30,0.25,8216,7035,15251,0.4286
8,2.0,5,60,30,0.5,8208,7167,15375,0.4286
8,2.0,5,70,10,0.25,8216,6889,15105,0.4286
8,2.0,5,70,10,0.5,8208,7095,15303,0.4286
8,2.0,5,70,20,0.25,8216,6889,15105,0.4286
8,2.0,5,70,20,0.5,8208,7095,15303,0.4286
8,2.0,5,70,30,0.25,8216,6889,15105,0.4286
8,2.0,5,70,30,0.5,8208,7095,15303,0.4286
8,2.0,10,50,10,0.25,8216,7273,15489,0.4286
8,2.0,10,50,10,0.5,8208,7260,15468,0.4286
8,2.0,10,50,20,0.25,8216,7273,15489,0.4286
8,2.0,10,50,20,0.5,8208,7260,15468,0.4286
8,2.0,10,50,30,0.25,8216,7273,15489,0.4286
8,2.0,10,50,30,0.5,8208,7260,15468,0.4286
8,2.0,10,60,10,0.25,8216,7035,15251,0.4286
8,2.0,10,60,10,0.5,8208,7167,15375,0.4286
8,2.0,10,60,20,0.25,8216,7035,15251,0.4286
8,2.0,10,60,20,0.5,8208,7167,15375,0.4286
8,2.0,10,60,30,0.25,8216,7035,15251,0.4286
8,2.0,10,60,30,0.5,8208,7167,15375,0.4286
8,2.0,10,70,10,0.25,8216,6889,15105,0.4286
8,2.0,10,70,10,0.5,8208,7095,15303,0.4286
8,2.0,10,70,20,0.25,8216,6889,15105,0.4286
8,2.0,10,70,20,0.5,8208,7095,15303,0.4286
8,2.0,10,70,30,0.25,8216,6889,15105,0.4286
8,2.0,10,70,30,0.5,8208,7095,15303,0.4286
8,2.0,15,50,10,0.25,8216,7273,15489,0.4286
8,2.0,15,50,10,0.5,8208,7260,15468,0.4286
8,2.0,15,50,20,0.25,8216,7273,15489,0.4286
8,2.0,15,50,20,0.5,8208,7260,15468,0.4286
8,2.0,15,50,30,0.25,8216,7273,15489,0.4286
8,2.0,15,50,30,0.5,8208,7260,15468,0.4286
8,2.0,15,60,10,0.25,8216,7035,15251,0.4286
8,2.0,15,60,10,0.5,8208,7167,15375,0.4286
8,2.0,15,60,20,0.25,8216,7035,15251,0.4286
8,2.0,15,60,20,0.5,8208,7167,15375,0.4286
8,2.0,15,60,30,0.25,8216,7035,15251,0.4286
8,2.0,15,60,30,0.5,8208,7167,15375,0.4286
8,2.0,15,70,10,0.25,8216,6889,15105,0.4286
8,2.0,15,70,10,0.5,8208,7095,15303,0.4286
8,2.0,15,70,20,0.25,8216,6889,15105,0.4286
8,2.0,15,70,20,0.5,8208,7095,15303,0.4286
8,2.0,15,70,30,0.25,8216,6889,15105,0.4286
8,2.0,15,70,30,0.5,8208,7095,15303,0.4286
8,2.0,20,50,10,0.25,8216,7273,15489,0.4286
8,2.0,20,50,10,0.5,8208,7260,15468,0.4286
8,2.0,20,50,20,0.25,8216,7273,15489,0.4286
8,2.0,20,50,20,0.5,8208,7260,15468,0.4286
8,2.0,20,50,30,0.25,8216,7273,15489,0.4286
8,2.0,20,50,30,0.5,8208,7260,15468,0.4286
8,2.0,20,60,10,0.25,8216,7035,15251,0.4286
8,2.0,20,60,10,0.5,8208,7167,15375,0.4286
8,2.0,20,60,20,0.25,8216,7035,15251,0.4286
8,2.0,20,60,20,0.5,8208,7167,15375,0.4286
8,2.0,20,60,30,0.25,8216,7035,15251,0.4286
8,2.0,20,60,30,0.5,8208,7167,15375,0.4286
8,2.0,20,70,10,0.25,8216,6889,15105,0.4286
8,2.0,20,70,10,0.5,8208,7095,15303,0.4286
8,2.0,20,70,20,0.25,8216,6889,15105,0.4286
8,2.0,20,70,20,0.5,8208,7095,15303,0.4286
8,2.0,20,70,30,0.25,8216,6889,15105,0.4286
8,2.0,20,70,30,0.5,8208,7095,15303,0.4286
8,3.0,5,50,10,0.25,8216,7545,15761,0.4286
8,3.0,5,50,10,0.5,8208,7326,15534,0.4286
8,3.0,5,50,20,0.25,8216,7545,15761,0.4286
8,3.0,5,50,20,0.5,8208,7326,15534,0.4286
8,3.0,5,50,30,0.25,8216,7545,15761,0.4286
8,3.0,5,50,30,0.5,8208,7326,15534,0.4286
8,3.0,5,60,10,0.25,8216,7391,15607,0.4286
8,3.0,5,60,10,0.5,8208,7237,15445,0.4286
8,3.0,5,60,20,0.25,8216,7391,15607,0.4286
8,3.0,5,60,20,0.5,8208,7237,15445,0.4286
8,3.0,5,60,30,0.25,8216,7391,15607,0.4286
8,3.0,5,60,30,0.5,8208,7237,15445,0.4286
8,3.0,5,70,10,0.25,8216,7218,15434,0.4286
8,3.0,5,70,10,0.5,8208,7248,15456,0.4286
8,3.0,5,70,20,0.25,8216,7218,15434,0.4286
8,3.0,5,70,20,0.5,8208,7248,15456,0.4286
8,3.0,5,70,30,0.25,8216,7218,15434,0.4286
8,3.0,5,70,30,0.5,8208,7248,15456,0.4286
8,3.0,10,50,10,0.25,8216,7545,15761,0.4286
8,3.0,10,50,10,0.5,8208,7326,15534,0.4286
8,3.0,10,50,20,0.25,8216,7545,15761,0.4286
8,3.0,10,50,20,0.5,8208,7326,15534,0.4286
8,3.0,10,50,30,0.25,8216,7545,15761,0.4286
8,3.0,10,50,30,0.5,8208,7326,15534,0.4286
8,3.0,10,60,10,0.25,8216,7391,15607,0.4286
8,3.0,10,60,10,0.5,8208,7237,15445,0.4286
8,3.0,10,60,20,0.25,8216,7391,15607,0.4286
8,3.0,10,60,20,0.5,8208,7237,15445,0.4286
8,3.0,10,60,30,0.25,8216,7391,15607,0.4286
8,3.0,10,60,30,0.5,8208,7237,15445,0.4286
8,3.0,10,70,10,0.25,8216,7218,15434,0.4286
8,3.0,10,70,10,0.5,8208,7248,15456,0.4286
8,3.0,10,70,20,0.25,8216,7218,15434,0.4286
8,3.0,10,70,20,0.5,8208,7248,15456,0.4286
8,3.0,10,70,30,0.25,8216,7218,15434,0.4286
8,3.0,10,70,30,0.5,8208,7248,15456,0.4286
8,3.0,15,50,10,0.25,8216,7545,15761,0.4286
8,3.0,15,50,10,0.5,8208,7326,15534,0.4286
8,3.0,15,50,20,0.25,8216,7545,15761,0.4286
8,3.0,15,50,20,0.5,8208,7326,15534,0.4286
8,3.0,15,50,30,0.25,8216,7545,15761,0.4286
8,3.0,15,50,30,0.5,8208,7326,15534,0.4286
8,3.0,15,60,10,0.25,8216,7391,15607,0.4286
8,3.0,15,60,10,0.5,8208,7237,15445,0.4286
8,3.0,15,60,20,0.25,8216,7391,15607,0.4286
8,3.0,15,60,20,0.5,8208,7237,15445,0.4286
8,3.0,15,60,30,0.25,8216,7391,15607,0.4286
8,3.0,15,60,30,0.5,8208,7237,15445,0.4286
8,3.0,15,70,10,0.25,8216,7218,15434,0.4286
8,3.0,15,70,10,0.5,8208,7248,15456,0.4286
8,3.0,15,70,20,0.25,8216,7218,15434,0.4286
8,3.0,15,70,20,0.5,8208,7248,15456,0.4286
8,3.0,15,70,30,0.25,8216,7218,15434,0.4286
8,3.0,15,70,30,0.5,8208,7248,15456,0.4286
8,3.0,20,50,10,0.25,8216,7545,15761,0.4286
8,3.0,20,50,10,0.5,8208,7326,15534,0.4286
8,3.0,20,50,20,0.25,8216,7545,15761,0.4286
8,3.0,20,50,20,0.5,8208,7326,15534,0.4286
8,3.0,20,50,30,0.25,8216,7545,15761,0.4286
8,3.0,20,50,30,0.5,8208,7326,15534,0.4286
8,3.0,20,60,10,0.25,8216,7391,15607,0.4286
8,3.0,20,60,10,0.5,8208,7237,15445,0.4286
8,3.0,20,60,20,0.25,8216,7391,15607,0.4286
8,3.0,20,60,20,0.5,8208,7237,15445,0.4286
8,3.0,20,60,30,0.25,8216,7391,15607,0.4286
8,3.0,20,60,30,0.5,8208,7237,15445,0.4286
8,3.0,20,70,10,0.25,8216,7218,15434,0.4286
8,3.0,20,70,10,0.5,8208,7248,15456,0.4286
8,3.0,20,70,20,0.25,8216,7218,15434,0.4286
8,3.0,20,70,20,0.5,8208,7248,15456,0.4286
8,3.0,20,70,30,0.25,8216,7218,15434,0.4286
8,3.0,20,70,30,0.5,8208,7248,15456,0.4286
8,4.0,5,50,10,0.25,8216,7545,15761,0.4286
8,4.0,5,50,10,0.5,8208,7326,15534,0.4286
8,4.0,5,50,20,0.25,8216,7545,15761,0.4286
8,4.0,5,50,20,0.5,8208,7326,15534,0.4286
8,4.0,5,50,30,0.25,8216,7545,15761,0.4286
8,4.0,5,50,30,0.5,8208,7326,15534,0.4286
8,4.0,5,60,10,0.25,8216,7391,15607,0.4286
8,4.0,5,60,10,0.5,8208,7237,15445,0.4286
8,4.0,5,60,20,0.25,8216,7391,15607,0.4286
8,4.0,5,60,20,0.5,8208,7237,15445,0.4286
8,4.0,5,60,30,0.25,8216,7391,15607,0.4286
8,4.0,5,60,30,0.5,8208,7237,15445,0.4286
8,4.0,5,70,10,0.25,8216,7218,15434,0.4286
8,4.0,5,70,10,0.5,8208,7248,15456,0.4286
8,4.0,5,70,20,0.25,8216,7218,15434,0.4286
8,4.0,5,70,20,0.5,8208,7248,15456,0.4286
8,4.0,5,70,30,0.25,8216,7218,15434,0.4286
8,4.0,5,70,30,0.5,8208,7248,15456,0.4286
8,4.0,10,50,10,0.25,8216,7545,15761,0.4286
8,4.0,10,50,10,0.5,8208,7326,15534,0.4286
8,4.0,10,50,20,0.25,8216,7545,15761,0.4286
8,4.0,10,50,20,0.5,8208,7326,15534,0.4286
8,4.0,10,50,30,0.25,8216,7545,15761,0.4286
8,4.0,10,50,30,0.5,8208,7326,15534,0.4286
8,4.0,10,60,10,0.25,8216,7391,15607,0.4286
8,4.0,10,60,10,0.5,8208,7237,15445,0.4286
8,4.0,10,60,20,0.25,8216,7391,15607,0.4286
8,4.0,10,60,20,0.5,8208,7237,15445,0.4286
8,4.0,10,60,30,0.25,8216,7391,15607,0.4286
8,4.0,10,60,30,0.5,8208,7237,15445,0.4286
8,4.0,10,70,10,0.25,8216,7218,15434,0.4286
8,4.0,10,70,10,0.5,8208,7248,15456,0.4286
8,4.0,10,70,20,0.25,8216,7218,15434,0.4286
8,4.0,10,70,20,0.5,8208,7248,15456,0.4286
8,4.0,10,70,30,0.25,8216,7218,15434,0.4286
8,4.0,10,70,30,0.5,8208,7248,15456,0.4286
8,4.0,15,50,10,0.25,8216,7545,15761,0.4286
8,4.0,15,50,10,0.5,8208,7326,15534,0.4286
8,4.0,15,50,20,0.25,8216,7545,15761,0.4286
8,4.0,15,50,20,0.5,8208,7326,15534,0.4286
8,4.0,15,50,30,0.25,8216,7545,15761,0.4286
8,4.0,15,50,30,0.5,8208,7326,15534,0.4286
8,4.0,15,60,10,0.25,8216,7391,15607,0.4286
8,4.0,15,60,10,0.5,8208,7237,15445,0.4286
8,4.0,15,60,20,0.25,8216,7391,15607,0.4286
8,4.0,15,60,20,0.5,8208,7237,15445,0.4286
8,4.0,15,60,30,0.25,8216,7391,15607,0.4286
8,4.0,15,60,30,0.5,8208,7237,15445,0.4286
8,4.0,15,70,10,0.25,8216,7218,15434,0.4286
8,4.0,15,70,10,0.5,8208,7248,15456,0.4286
8,4.0,15,70,20,0.25,8216,7218,15434,0.4286
8,4.0,15,70,20,0.5,8208,7248,15456,0.4286
8,4.0,15,70,30,0.25,8216,7218,15434,0.4286
8,4.0,15,70,30,0.5,8208,7248,15456,0.4286
8,4.0,20,50,10,0.25,8216,7545,15761,0.4286
8,4.0,20,50,10,0.5,8208,7326,15534,0.4286
8,4.0,20,50,20,0.25,8216,7545,15761,0.4286
8,4.0,20,50,20,0.5,8208,7326,15534,0.4286
8,4.0,20,50,30,0.25,8216,7545,15761,0.4286
8,4.0,20,50,30,0.5,8208,7326,15534,0.4286
8,4.0,20,60,10,0.25,8216,7391,15607,0.4286
8,4.0,20,60,10,0.5,8208,7237,15445,0.4286
8,4.0,20,60,20,0.25,8216,7391,15607,0.4286
8,4.0,20,60,20,0.5,8208,7237,15445,0.4286
8,4.0,20,60,30,0.25,8216,7391,15607,0.4286
8,4.0,20,60,30,0.5,8208,7237,15445,0.4286
8,4.0,20,70,10,0.25,8216,7218,15434,0.4286
8,4.0,20,70,10,0.5,8208,7248,15456,0.4286
8,4.0,20,70,20,0.25,8216,7218,15434,0.4286
8,4.0,20,70,20,0.5,8208,7248,15456,0.4286
8,4.0,20,70,30,0.25,8216,7218,15434,0.4286
8,4.0,20,70,30,0.5,8208,7248,15456,0.4286
8,5.0,5,50,10,0.25,8216,7545,15761,0.4286
8,5.0,5,50,10,0.5,8208,7326,15534,0.4286
8,5.0,5,50,20,0.25,8216,7545,15761,0.4286
8,5.0,5,50,20,0.5,8208,7326,15534,0.4286
8,5.0,5,50,30,0.25,8216,7545,15761,0.4286
8,5.0,5,50,30,0.5,8208,7326,15534,0.4286
8,5.0,5,60,10,0.25,8216,7391,15607,0.4286
8,5.0,5,60,10,0.5,8208,7237,15445,0.4286
8,5.0,5,60,20,0.25,8216,7391,15607,0.4286
8,5.0,5,60,20,0.5,8208,7237,15445,0.4286
8,5.0,5,60,30,0.25,8216,7391,15607,0.4286
8,5.0,5,60,30,0.5,8208,7237,15445,0.4286
8,5.0,5,70,10,0.25,8216,7218,15434,0.4286
8,5.0,5,70,10,0.5,8208,7248,15456,0.4286
8,5.0,5,70,20,0.25,8216,7218,15434,0.4286
8,5.0,5,70,20,0.5,8208,7248,15456,0.4286
8,5.0,5,70,30,0.25,8216,7218,15434,0.4286
8,5.0,5,70,30,0.5,8208,7248,15456,0.4286
8,5.0,10,50,10,0.25,8216,7545,15761,0.4286
8,5.0,10,50,10,0.5,8208,7326,15534,0.4286
8,5.0,10,50,20,0.25,8216,7545,15761,0.4286
8,5.0,10,50,20,0.5,8208,7326,15534,0.4286
8,5.0,10,50,30,0.25,8216,7545,15761,0.4286
8,5.0,10,50,30,0.5,8208,7326,15534,0.4286
8,5.0,10,60,10,0.25,8216,7391,15607,0.4286
8,5.0,10,60,10,0.5,8208,7237,15445,0.4286
8,5.0,10,60,20,0.25,8216,7391,15607,0.4286
8,5.0,10,60,20,0.5,8208,7237,15445,0.4286
8,5.0,10,60,30,0.25,8216,7391,15607,0.4286
8,5.0,10,60,30,0.5,8208,7237,15445,0.4286
8,5.0,10,70,10,0.25,8216,7218,15434,0.4286
8,5.0,10,70,10,0.5,8208,7248,15456,0.4286
8,5.0,10,70,20,0.25,8216,7218,15434,0.4286
8,5.0,10,70,20,0.5,8208,7248,15456,0.4286
8,5.0,10,70,30,0.25,8216,7218,15434,0.4286
8,5.0,10,70,30,0.5,8208,7248,15456,0.4286
8,5.0,15,50,10,0.25,8216,7545,15761,0.4286
8,5.0,15,50,10,0.5,8208,7326,15534,0.4286
8,5.0,15,50,20,0.25,8216,7545,15761,0.4286
8,5.0,15,50,20,0.5,8208,7326,15534,0.4286
8,5.0,15,50,30,0.25,8216,7545,15761,0.4286
8,5.0,15,50,30,0.5,8208,7326,15534,0.4286
8,5.0,15,60,10,0.25,8216,7391,15607,0.4286
8,5.0,15,60,10,0.5,8208,7237,15445,0.4286
8,5.0,15,60,20,0.25,8216,7391,15607,0.4286
8,5.0,15,60,20,0.5,8208,7237,15445,0.4286
8,5.0,15,60,30,0.25,8216,7391,15607,0.4286
8,5.0,15,60,30,0.5,8208,7237,15445,0.4286
8,5.0,15,70,10,0.25,8216,7218,15434,0.4286
8,5.0,15,70,10,0.5,8208,7248,15456,0.4286
8,5.0,15,70,20,0.25,8216,7218,15434,0.4286
8,5.0,15,70,20,0.5,8208,7248,15456,0.4286
8,5.0,15,70,30,0.25,8216,7218,15434,0.4286
8,5.0,15,70,30,0.5,8208,7248,15456,0.4286
8,5.0,20,50,10,0.25,8216,7545,15761,0.4286
8,5.0,20,50,10,0.5,8208,7326,15534,0.4286
8,5.0,20,50,20,0.25,8216,7545,15761,0.4286
8,5.0,20,50,20,0.5,8208,7326,15534,0.4286
8,5.0,20,50,30,0.25,8216,7545,15761,0.4286
8,5.0,20,50,30,0.5,8208,7326,15534,0.4286
8,5.0,20,60,10,0.25,8216,7391,15607,0.4286
8,5.0,20,60,10,0.5,8208,7237,15445,0.4286
8,5.0,20,60,20,0.25,8216,7391,15607,0.4286
8,5.0,20,60,20,0.5,8208,7237,15445,0.4286
8,5.0,20,60,30,0.25,8216,7391,15607,0.4286
8,5.0,20,60,30,0.5,8208,7237,15445,0.4286
8,5.0,20,70,10,0.25,8216,7218,15434,0.4286
8,5.0,20,70,10,0.5,8208,7248,15456,0.4286
8,5.0,20,70,20,0.25,8216,7218,15434,0.4286
8,5.0,20,70,20,0.5,8208,7248,15456,0.4286
8,5.0,20,70,30,0.25,8216,7218,15434,0.4286
8,5.0,20,70,30,0.5,8208,7248,15456,0.4286
10,1.0,5,50,10,0.25,8197,7192,15389,0.4286
10,1.0,5,50,10,0.5,8176,7162,15338,0.4286
10,1.0,5,50,20,0.25,8197,7192,15389,0.4286
10,1.0,5,50,20,0.5,8176,7162,15338,0.4286
10,1.0,5,50,30,0.25,8197,7192,15389,0.4286
10,1.0,5,50,30,0.5,8176,7162,15338,0.4286
10,1.0,5,60,10,0.25,8197,6923,15120,0.4286
10,1.0,5,60,10,0.5,8176,7080,15256,0.4286
10,1.0,5,60,20,0.25,8197,6923,15120,0.4286
10,1.0,5,60,20,0.5,8176,7080,15256,0.4286
10,1.0,5,60,30,0.25,8197,6923,15120,0.4286
10,1.0,5,60,30,0.5,8176,7080,15256,0.4286
10,1.0,5,70,10,0.25,8197,6697,14894,0.4286
10,1.0,5,70,10,0.5,8176,6992,15168,0.4286
10,1.0,5,70,20,0.25,8197,6697,14894,0.4286
10,1.0,5,70,20,0.5,8176,6992,15168,0.4286
10,1.0,5,70,30,0.25,8197,6697,14894,0.4286
10,1.0,5,70,30,0.5,8176,6992,15168,0.4286
10,1.0,10,50,10,0.25,8197,7192,15389,0.4286
10,1.0,10,50,10,0.5,8176,7162,15338,0.4286
10,1.0,10,50,20,0.25,8197,7192,15389,0.4286
10,1.0,10,50,20,0.5,8176,7162,15338,0.4286
10,1.0,10,50,30,0.25,8197,7192,15389,0.4286
10,1.0,10,50,30,0.5,8176,7162,15338,0.4286
10,1.0,10,60,10,0.25,8197,6923,15120,0.4286
10,1.0,10,60,10,0.5,8176,7080,15256,0.4286
10,1.0,10,60,20,0.25,8197,6923,15120,0.4286
10,1.0,10,60,20,0.5,8176,7080,15256,0.4286
10,1.0,10,60,30,0.25,8197,6923,15120,0.4286
10,1.0,10,60,30,0.5,8176,7080,15256,0.4286
10,1.0,10,70,10,0.25,8197,6697,14894,0.4286
10,1.0,10,70,10,0.5,8176,6992,15168,0.4286
10,1.0,10,70,20,0.25,8197,6697,14894,0.4286
10,1.0,10,70,20,0.5,8176,6992,15168,0.4286
10,1.0,10,70,30,0.25,8197,6697,14894,0.4286
10,1.0,10,70,30,0.5,8176,6992,15168,0.4286
10,1.0,15,50,10,0.25,8197,7192,15389,0.4286
10,1.0,15,50,10,0.5,8176,7162,15338,0.4286
10,1.0,15,50,20,0.25,8197,7192,15389,0.4286
10,1.0,15,50,20,0.5,8176,7162,15338,0.4286
10,1.0,15,50,30,0.25,8197,7192,15389,0.4286
10,1.0,15,50,30,0.5,8176,7162,15338,0.4286
10,1.0,15,60,10,0.25,8197,6923,15120,0.4286
10,1.0,15,60,10,0.5,8176,7080,15256,0.4286
10,1.0,15,60,20,0.25,8197,6923,15120,0.4286
10,1.0,15,60,20,0.5,8176,7080,15256,0.4286
10,1.0,15,60,30,0.25,8197,6923,15120,0.4286
10,1.0,15,60,30,0.5,8176,7080,15256,0.4286
10,1.0,15,70,10,0.25,8197,6697,14894,0.4286
10,1.0,15,70,10,0.5,8176,6992,15168,0.4286
10,1.0,15,70,20,0.25,8197,6697,14894,0.4286
10,1.0,15,70,20,0.5,8176,6992,15168,0.4286
10,1.0,15,70,30,0.25,8197,6697,14894,0.4286
10,1.0,15,70,30,0.5,8176,6992,15168,0.4286
10,1.0,20,50,10,0.25,8197,7192,15389,0.4286
10,1.0,20,50,10,0.5,8176,7162,15338,0.4286
10,1.0,20,50,20,0.25,8197,7192,15389,0.4286
10,1.0,20,50,20,0.5,8176,7162,15338,0.4286
10,1.0,20,50,30,0.25,8197,7192,15389,0.4286
10,1.0,20,50,30,0.5,8176,7162,15338,0.4286
10,1.0,20,60,10,0.25,8197,6923,15120,0.4286
10,1.0,20,60,10,0.5,8176,7080,15256,0.4286
10,1.0,20,60,20,0.25,8197,6923,15120,0.4286
10,1.0,20,60,20,0.5,8176,7080,15256,0.4286
10,1.0,20,60,30,0.25,8197,6923,15120,0.4286
10,1.0,20,60,30,0.5,8176,7080,15256,0.4286
10,1.0,20,70,10,0.25,8197,6697,14894,0.4286
10,1.0,20,70,10,0.5,8176,6992,15168,0.4286
10,1.0,20,70,20,0.25,8197,6697,14894,0.4286
10,1.0,20,70,20,0.5,8176,6992,15168,0.4286
10,1.0,20,70,30,0.25,8197,6697,14894,0.4286
10,1.0,20,70,30,0.5,8176,6992,15168,0.4286
10,2.0,5,50,10,0.25,8197,7192,15389,0.4286
10,2.0,5,50,10,0.5,8176,7162,15338,0.4286
10,2.0,5,50,20,0.25,8197,7192,15389,0.4286
10,2.0,5,50,20,0.5,8176,7162,15338,0.4286
10,2.0,5,50,30,0.25,8197,7192,15389,0.4286
10,2.0,5,50,30,0.5,8176,7162,15338,0.4286
10,2.0,5,60,10,0.25,8197,6923,15120,0.4286
10,2.0,5,60,10,0.5,8176,7080,15256,0.4286
10,2.0,5,60,20,0.25,8197,6923,15120,0.4286
10,2.0,5,60,20,0.5,8176,7080,15256,0.4286
10,2.0,5,60,30,0.25,8197,6923,15120,0.4286
10,2.0,5,60,30,0.5,8176,7080,15256,0.4286
10,2.0,5,70,10,0.25,8197,6697,14894,0.4286
10,2.0,5,70,10,0.5,8176,6992,15168,0.4286
10,2.0,5,70,20,0.25,8197,6697,14894,0.4286
10,2.0,5,70,20,0.5,8176,6992,15168,0.4286
10,2.0,5,70,30,0.25,8197,6697,14894,0.4286
10,2.0,5,70,30,0.5,8176,6992,15168,0.4286
10,2.0,10,50,10,0.25,8197,7192,15389,0.4286
10,2.0,10,50,10,0.5,8176,7162,15338,0.4286
10,2.0,10,50,20,0.25,8197,7192,15389,0.4286
10,2.0,10,50,20,0.5,8176,7162,15338,0.4286
10,2.0,10,50,30,0.25,8197,7192,15389,0.4286
10,2.0,10,50,30,0.5,8176,7162,15338,0.4286
10,2.0,10,60,10,0.25,8197,6923,15120,0.4286
10,2.0,10,60,10,0.5,8176,7080,15256,0.4286
10,2.0,10,60,20,0.25,8197,6923,15120,0.4286
10,2.0,10,60,20,0.5,8176,7080,15256,0.4286
10,2.0,10,60,30,0.25,8197,6923,15120,0.4286
10,2.0,10,60,30,0.5,8176,7080,15256,0.4286
10,2.0,10,70,10,0.25,8197,6697,14894,0.4286
10,2.0,10,70,10,0.5,8176,6992,15168,0.4286
10,2.0,10,70,20,0.25,8197,6697,14894,0.4286
10,2.0,10,70,20,0.5,8176,6992,15168,0.4286
10,2.0,10,70,30,0.25,8197,6697,14894,0.4286
10,2.0,10,70,30,0.5,8176,6992,15168,0.4286
10,2.0,15,50,10,0.25,8197,7192,15389,0.4286
10,2.0,15,50,10,0.5,8176,7162,15338,0.4286
10,2.0,15,50,20,0.25,8197,7192,15389,0.4286
10,2.0,15,50,20,0.5,8176,7162,15338,0.4286
10,2.0,15,50,30,0.25,8197,7192,15389,0.4286
10,2.0,15,50,30,0.5,8176,7162,15338,0.4286
10,2.0,15,60,10,0.25,8197,6923,15120,0.4286
10,2.0,15,60,10,0.5,8176,7080,15256,0.4286
10,2.0,15,60,20,0.25,8197,6923,15120,0.4286
10,2.0,15,60,20,0.5,8176,7080,15256,0.4286
10,2.0,15,60,30,0.25,8197,6923,15120,0.4286
10,2.0,15,60,30,0.5,8176,7080,15256,0.4286
10,2.0,15,70,10,0.25,8197,6697,14894,0.4286
10,2.0,15,70,10,0.5,8176,6992,15168,0.4286
10,2.0,15,70,20,0.25,8197,6697,14894,0.4286
10,2.0,15,70,20,0.5,8176,6992,15168,0.4286
10,2.0,15,70,30,0.25,8197,6697,14894,0.4286
10,2.0,15,70,30,0.5,8176,6992,15168,0.4286
10,2.0,20,50,10,0.25,8197,7192,15389,0.4286
10,2.0,20,50,10,0.5,8176,7162,15338,0.4286
10,2.0,20,50,20,0.25,8197,7192,15389,0.4286
10,2.0,20,50,20,0.5,8176,7162,15338,0.4286
10,2.0,20,50,30,0.25,8197,7192,15389,0.4286
10,2.0,20,50,30,0.5,8176,7162,15338,0.4286
10,2.0,20,60,10,0.25,8197,6923,15120,0.4286
10,2.0,20,60,10,0.5,8176,7080,15256,0.4286
10,2.0,20,60,20,0.25,8197,6923,15120,0.4286
10,2.0,20,60,20,0.5,8176,7080,15256,0.4286
10,2.0,20,60,30,0.25,8197,6923,15120,0.4286
10,2.0,20,60,30,0.5,8176,7080,15256,0.4286
10,2.0,20,70,10,0.25,8197,6697,14894,0.4286
10,2.0,20,70,10,0.5,8176,6992,15168,0.4286
10,2.0,20,70,20,0.25,8197,6697,14894,0.4286
10,2.0,20,70,20,0.5,8176,6992,15168,0.4286
10,2.0,20,70,30,0.25,8197,6697,14894,0.4286
10,2.0,20,70,30,0.5,8176,6992,15168,0.4286
10,3.0,5,50,10,0.25,8208,7298,15506,0.4286
10,3.0,5,50,10,0.5,8176,7324,15500,0.4286
10,3.0,5,50,20,0.25,8208,7298,15506,0.4286
10,3.0,5,50,20,0.5,8176,7324,15500,0.4286
10,3.0,5,50,30,0.25,8208,7298,15506,0.4286
10,3.0,5,50,30,0.5,8176,7324,15500,0.4286
10,3.0,5,60,10,0.25,8208,7212,15420,0.4286
10,3.0,5,60,10,0.5,8176,7243,15419,0.4286
10,3.0,5,60,20,0.25,8208,7212,15420,0.4286
10,3.0,5,60,20,0.5,8176,7243,15419,0.4286
10,3.0,5,60,30,0.25,8208,7212,15420,0.4286
10,3.0,5,60,30,0.5,8176,7243,15419,0.4286
10,3.0,5,70,10,0.25,8208,7004,15212,0.4286
10,3.0,5,70,10,0.5,8176,7246,15422,0.4286
10,3.0,5,70,20,0.25,8208,7004,15212,0.4286
10,3.0,5,70,20,0.5,8176,7246,15422,0.4286
10,3.0,5,70,30,0.25,8208,7004,15212,0.4286
10,3.0,5,70,30,0.5,8176,7246,15422,0.4286
10,3.0,10,50,10,0.25,8208,7298,15506,0.4286
10,3.0,10,50,10,0.5,8176,7324,15500,0.4286
10,3.0,10,50,20,0.25,8208,7298,15506,0.4286
10,3.0,10,50,20,0.5,8176,7324,15500,0.4286
10,3.0,10,50,30,0.25,8208,7298,15506,0.4286
10,3.0,10,50,30,0.5,8176,7324,15500,0.4286
10,3.0,10,60,10,0.25,8208,7212,15420,0.4286
10,3.0,10,60,10,0.5,8176,7243,15419,0.4286
10,3.0,10,60,20,0.25,8208,7212,15420,0.4286
10,3.0,10,60,20,0.5,8176,7243,15419,0.4286
10,3.0,10,60,30,0.25,8208,7212,15420,0.4286
10,3.0,10,60,30,0.5,8176,7243,15419,0.4286
10,3.0,10,70,10,0.25,8208,7004,15212,0.4286
10,3.0,10,70,10,0.5,8176,7246,15422,0.4286
10,3.0,10,70,20,0.25,8208,7004,15212,0.4286
10,3.0,10,70,20,0.5,8176,7246,15422,0.4286
10,3.0,10,70,30,0.25,8208,7004,15212,0.4286
10,3.0,10,70,30,0.5,8176,7246,15422,0.4286
10,3.0,15,50,10,0.25,8208,7298,15506,0.4286
10,3.0,15,50,10,0.5,8176,7324,15500,0.4286
10,3.0,15,50,20,0.25,8208,7298,15506,0.4286
10,3.0,15,50,20,0.5,8176,7324,15500,0.4286
10,3.0,15,50,30,0.25,8208,7298,15506,0.4286
10,3.0,15,50,30,0.5,8176,7324,15500,0.4286
10,3.0,15,60,10,0.25,8208,7212,15420,0.4286
10,3.0,15,60,10,0.5,8176,7243,15419,0.4286
10,3.0,15,60,20,0.25,8208,7212,15420,0.4286
10,3.0,15,60,20,0.5,8176,7243,15419,0.4286
10,3.0,15,60,30,0.25,8208,7212,15420,0.4286
10,3.0,15,60,30,0.5,8176,7243,15419,0.4286
10,3.0,15,70,10,0.25,8208,7004,15212,0.4286
10,3.0,15,70,10,0.5,8176,7246,15422,0.4286
10,3.0,15,70,20,0.25,8208,7004,15212,0.4286
10,3.0,15,70,20,0.5,8176,7246,15422,0.4286
10,3.0,15,70,30,0.25,8208,7004,15212,0.4286
10,3.0,15,70,30,0.5,8176,7246,15422,0.4286
10,3.0,20,50,10,0.25,8208,7298,15506,0.4286
10,3.0,20,50,10,0.5,8176,7324,15500,0.4286
10,3.0,20,50,20,0.25,8208,7298,15506,0.4286
10,3.0,20,50,20,0.5,8176,7324,15500,0.4286
10,3.0,20,50,30,0.25,8208,7298,15506,0.4286
10,3.0,20,50,30,0.5,8176,7324,15500,0.4286
10,3.0,20,60,10,0.25,8208,7212,15420,0.4286
10,3.0,20,60,10,0.5,8176,7243,15419,0.4286
10,3.0,20,60,20,0.25,8208,7212,15420,0.4286
10,3.0,20,60,20,0.5,8176,7243,15419,0.4286
10,3.0,20,60,30,0.25,8208,7212,15420,0.4286
10,3.0,20,60,30,0.5,8176,7243,15419,0.4286
10,3.0,20,70,10,0.25,8208,7004,15212,0.4286
10,3.0,20,70,10,0.5,8176,7246,15422,0.4286
10,3.0,20,70,20,0.25,8208,7004,15212,0.4286
10,3.0,20,70,20,0.5,8176,7246,15422,0.4286
10,3.0,20,70,30,0.25,8208,7004,15212,0.4286
10,3.0,20,70,30,0.5,8176,7246,15422,0.4286
10,4.0,5,50,10,0.25,8208,7488,15696,0.4286
10,4.0,5,50,10,0.5,8176,7324,15500,0.4286
10,4.0,5,50,20,0.25,8208,7488,15696,0.4286
10,4.0,5,50,20,0.5,8176,7324,15500,0.4286
10,4.0,5,50,30,0.25,8208,7488,15696,0.4286
10,4.0,5,50,30,0.5,8176,7324,15500,0.4286
10,4.0,5,60,10,0.25,8208,7367,15575,0.4286
10,4.0,5,60,10,0.5,8176,7243,15419,0.4286
10,4.0,5,60,20,0.25,8208,7367,15575,0.4286
10,4.0,5,60,20,0.5,8176,7243,15419,0.4286
10,4.0,5,60,30,0.25,8208,7367,15575,0.4286
10,4.0,5,60,30,0.5,8176,7243,15419,0.4286
10,4.0,5,70,10,0.25,8208,7147,15355,0.4286
10,4.0,5,70,10,0.5,8176,7246,15422,0.4286
10,4.0,5,70,20,0.25,8208,7147,15355,0.4286
10,4.0,5,70,20,0.5,8176,7246,15422,0.4286
10,4.0,5,70,30,0.25,8208,7147,15355,0.4286
10,4.0,5,70,30,0.5,8176,7246,15422,0.4286
10,4.0,10,50,10,0.25,8208,7488,15696,0.4286
10,4.0,10,50,10,0.5,8176,7324,15500,0.4286
10,4.0,10,50,20,0.25,8208,7488,15696,0.4286
10,4.0,10,50,20,0.5,8176,7324,15500,0.4286
10,4.0,10,50,30,0.25,8208,7488,15696,0.4286
10,4.0,10,50,30,0.5,8176,7324,15500,0.4286
10,4.0,10,60,10,0.25,8208,7367,15575,0.4286
10,4.0,10,60,10,0.5,8176,7243,15419,0.4286
10,4.0,10,60,20,0.25,8208,7367,15575,0.4286
10,4.0,10,60,20,0.5,8176,7243,15419,0.4286
10,4.0,10,60,30,0.25,8208,7367,15575,0.4286
10,4.0,10,60,30,0.5,8176,7243,15419,0.4286
10,4.0,10,70,10,0.25,8208,7147,15355,0.4286
10,4.0,10,70,10,0.5,8176,7246,15422,0.4286
10,4.0,10,70,20,0.25,8208,7147,15355,0.4286
10,4.0,10,70,20,0.5,8176,7246,15422,0.4286
10,4.0,10,70,30,0.25,8208,7147,15355,0.4286
10,4.0,10,70,30,0.5,8176,7246,15422,0.4286
10,4.0,15,50,10,0.25,8208,7488,15696,0.4286
10,4.0,15,50,10,0.5,8176,7324,15500,0.4286
10,4.0,15,50,20,0.25,8208,7488,15696,0.4286
10,4.0,15,50,20,0.5,8176,7324,15500,0.4286
10,4.0,15,50,30,0.25,8208,7488,15696,0.4286
10,4.0,15,50,30,0.5,8176,7324,15500,0.4286
10,4.0,15,60,10,0.25,8208,7367,15575,0.4286
10,4.0,15,60,10,0.5,8176,7243,15419,0.4286
10,4.0,15,60,20,0.25,8208,7367,15575,0.4286
10,4.0,15,60,20,0.5,8176,7243,15419,0.4286
10,4.0,15,60,30,0.25,8208,7367,15575,0.4286
10,4.0,15,60,30,0.5,8176,7243,15419,0.4286
10,4.0,15,70,10,0.25,8208,7147,15355,0.4286
10,4.0,15,70,10,0.5,8176,7246,15422,0.4286
10,4.0,15,70,20,0.25,8208,7147,15355,0.4286
10,4.0,15,70,20,0.5,8176,7246,15422,0.4286
10,4.0,15,70,30,0.25,8208,7147,15355,0.4286
10,4.0,15,70,30,0.5,8176,7246,15422,0.4286
10,4.0,20,50,10,0.25,8208,7488,15696,0.4286
10,4.0,20,50,10,0.5,8176,7324,15500,0.4286
10,4.0,20,50,20,0.25,8208,7488,15696,0.4286
10,4.0,20,50,20,0.5,8176,7324,15500,0.4286
10,4.0,20,50,30,0.25,8208,7488,15696,0.4286
10,4.0,20,50,30,0.5,8176,7324,15500,0.4286
10,4.0,20,60,10,0.25,8208,7367,15575,0.4286
10,4.0,20,60,10,0.5,8176,7243,15419,0.4286
10,4.0,20,60,20,0.25,8208,7367,15575,0.4286
10,4.0,20,60,20,0.5,8176,7243,15419,0.4286
10,4.0,20,60,30,0.25,8208,7367,15575,0.4286
10,4.0,20,60,30,0.5,8176,7243,15419,0.4286
10,4.0,20,70,10,0.25,8208,7147,15355,0.4286
10,4.0,20,70,10,0.5,8176,7246,15422,0.4286
10,4.0,20,70,20,0.25,8208,7147,15355,0.4286
10,4.0,20,70,20,0.5,8176,7246,15422,0.4286
10,4.0,20,70,30,0.25,8208,7147,15355,0.4286
10,4.0,20,70,30,0.5,8176,7246,15422,0.4286
10,5.0,5,50,10,0.25,8208,7488,15696,0.4286
10,5.0,5,50,10,0.5,8176,7324,15500,0.4286
10,5.0,5,50,20,0.25,8208,7488,15696,0.4286
10,5.0,5,50,20,0.5,8176,7324,15500,0.4286
10,5.0,5,50,30,0.25,8208,7488,15696,0.4286
10,5.0,5,50,30,0.5,8176,7324,15500,0.4286
10,5.0,5,60,10,0.25,8208,7367,15575,0.4286
10,5.0,5,60,10,0.5,8176,7243,15419,0.4286
10,5.0,5,60,20,0.25,8208,7367,15575,0.4286
10,5.0,5,60,20,0.5,8176,7243,15419,0.4286
10,5.0,5,60,30,0.25,8208,7367,15575,0.4286
10,5.0,5,60,30,0.5,8176,7243,15419,0.4286
10,5.0,5,70,10,0.25,8208,7147,15355,0.4286
10,5.0,5,70,10,0.5,8176,7246,15422,0.4286
10,5.0,5,70,20,0.25,8208,7147,15355,0.4286
10,5.0,5,70,20,0.5,8176,7246,15422,0.4286
10,5.0,5,70,30,0.25,8208,7147,15355,0.4286
10,5.0,5,70,30,0.5,8176,7246,15422,0.4286
10,5.0,10,50,10,0.25,8208,7488,15696,0.4286
10,5.0,10,50,10,0.5,8176,7324,15500,0.4286
10,5.0,10,50,20,0.25,8208,7488,15696,0.4286
10,5.0,10,50,20,0.5,8176,7324,15500,0.4286
10,5.0,10,50,30,0.25,8208,7488,15696,0.4286
10,5.0,10,50,30,0.5,8176,7324,15500,0.4286
10,5.0,10,60,10,0.25,8208,7367,15575,0.4286
10,5.0,10,60,10,0.5,8176,7243,15419,0.4286
10,5.0,10,60,20,0.25,8208,7367,15575,0.4286
10,5.0,10,60,20,0.5,8176,7243,15419,0.4286
10,5.0,10,60,30,0.25,8208,7367,15575,0.4286
10,5.0,10,60,30,0.5,8176,7243,15419,0.4286
10,5.0,10,70,10,0.25,8208,7147,15355,0.4286
10,5.0,10,70,10,0.5,8176,7246,15422,0.4286
10,5.0,10,70,20,0.25,8208,7147,15355,0.4286
10,5.0,10,70,20,0.5,8176,7246,15422,0.4286
10,5.0,10,70,30,0.25,8208,7147,15355,0.4286
10,5.0,10,70,30,0.5,8176,7246,15422,0.4286
10,5.0,15,50,10,0.25,8208,7488,15696,0.4286
10,5.0,15,50,10,0.5,8176,7324,15500,0.4286
10,5.0,15,50,20,0.25,8208,7488,15696,0.4286
10,5.0,15,50,20,0.5,8176,7324,15500,0.4286
10,5.0,15,50,30,0.25,8208,7488,15696,0.4286
10,5.0,15,50,30,0.5,8176,7324,15500,0.4286
10,5.0,15,60,10,0.25,8208,7367,15575,0.4286
10,5.0,15,60,10,0.5,8176,7243,15419,0.4286
10,5.0,15,60,20,0.25,8208,7367,15575,0.4286
10,5.0,15,60,20,0.5,8176,7243,15419,0.4286
10,5.0,15,60,30,0.25,8208,7367,15575,0.4286
10,5.0,15,60,30,0.5,8176,7243,15419,0.4286
10,5.0,15,70,10,0.25,8208,7147,15355,0.4286
10,5.0,15,70,10,0.5,8176,7246,15422,0.4286
10,5.0,15,70,20,0.25,8208,7147,15355,0.4286
10,5.0,15,70,20,0.5,8176,7246,15422,0.4286
10,5.0,15,70,30,0.25,8208,7147,15355,0.4286
10,5.0,15,70,30,0.5,8176,7246,15422,0.4286
10,5.0,20,50,10,0.25,8208,7488,15696,0.4286
10,5.0,20,50,10,0.5,8176,7324,15500,0.4286
10,5.0,20,50,20,0.25,8208,7488,15696,0.4286
10,5.0,20,50,20,0.5,8176,7324,15500,0.4286
10,5.0,20,50,30,0.25,8208,7488,15696,0.4286
10,5.0,20,50,30,0.5,8176,7324,15500,0.4286
10,5.0,20,60,10,0.25,8208,7367,15575,0.4286
10,5.0,20,60,10,0.5,8176,7243,15419,0.4286
10,5.0,20,60,20,0.25,8208,7367,15575,0.4286
10,5.0,20,60,20,0.5,8176,7243,15419,0.4286
10,5.0,20,60,30,0.25,8208,7367,15575,0.4286
10,5.0,20,60,30,0.5,8176,7243,15419,0.4286
10,5.0,20,70,10,0.25,8208,7147,15355,0.4286
10,5.0,20,70,10,0.5,8176,7246,15422,0.4286
10,5.0,20,70,20,0.25,8208,7147,15355,0.4286
10,5.0,20,70,20,0.5,8176,7246,15422,0.4286
10,5.0,20,70,30,0.25,8208,7147,15355,0.4286
10,5.0,20,70,30,0.5,8176,7246,15422,0.4286
12,1.0,5,50,10,0.25,8348,7212,15560,0.4286
12,1.0,5,50,10,0.5,8179,7243,15422,0.4286
12,1.0,5,50,20,0.25,8348,7212,15560,0.4286
12,1.0,5,50,20,0.5,8179,7243,15422,0.4286
12,1.0,5,50,30,0.25,8348,7212,15560,0.4286
12,1.0,5,50,30,0.5,8179,7243,15422,0.4286
12,1.0,5,60,10,0.25,8348,6908,15256,0.4286
12,1.0,5,60,10,0.5,8179,7125,15304,0.4286
12,1.0,5,60,20,0.25,8348,6908,15256,0.4286
12,1.0,5,60,20,0.5,8179,7125,15304,0.4286
12,1.0,5,60,30,0.25,8348,6908,15256,0.4286
12,1.0,5,60,30,0.5,8179,7125,15304,0.4286
12,1.0,5,70,10,0.25,8348,6659,15007,0.4286
12,1.0,5,70,10,0.5,8179,7071,15250,0.4286
12,1.0,5,70,20,0.25,8348,6659,15007,0.4286
12,1.0,5,70,20,0.5,8179,7071,15250,0.4286
12,1.0,5,70,30,0.25,8348,6659,15007,0.4286
12,1.0,5,70,30,0.5,8179,7071,15250,0.4286
12,1.0,10,50,10,0.25,8348,7212,15560,0.4286
12,1.0,10,50,10,0.5,8179,7243,15422,0.4286
12,1.0,10,50,20,0.25,8348,7212,15560,0.4286
12,1.0,10,50,20,0.5,8179,7243,15422,0.4286
12,1.0,10,50,30,0.25,8348,7212,15560,0.4286
12,1.0,10,50,30,0.5,8179,7243,15422,0.4286
12,1.0,10,60,10,0.25,8348,6908,15256,0.4286
12,1.0,10,60,10,0.5,8179,7125,15304,0.4286
12,1.0,10,60,20,0.25,8348,6908,15256,0.4286
12,1.0,10,60,20,0.5,8179,7125,15304,0.4286
12,1.0,10,60,30,0.25,8348,6908,15256,0.4286
12,1.0,10,60,30,0.5,8179,7125,15304,0.4286
12,1.0,10,70,10,0.25,8348,6659,15007,0.4286
12,1.0,10,70,10,0.5,8179,7071,15250,0.4286
12,1.0,10,70,20,0.25,8348,6659,15007,0.4286
12,1.0,10,70,20,0.5,8179,7071,15250,0.4286
12,1.0,10,70,30,0.25,8348,6659,15007,0.4286
12,1.0,10,70,30,0.5,8179,7071,15250,0.4286
12,1.0,15,50,10,0.25,8348,7212,15560,0.4286
12,1.0,15,50,10,0.5,8179,7243,15422,0.4286
12,1.0,15,50,20,0.25,8348,7212,15560,0.4286
12,1.0,15,50,20,0.5,8179,7243,15422,0.4286
12,1.0,15,50,30,0.25,8348,7212,15560,0.4286
12,1.0,15,50,30,0.5,8179,7243,15422,0.4286
12,1.0,15,60,10,0.25,8348,6908,15256,0.4286
12,1.0,15,60,10,0.5,8179,7125,15304,0.4286
12,1.0,15,60,20,0.25,8348,6908,15256,0.4286
12,1.0,15,60,20,0.5,8179,7125,15304,0.4286
12,1.0,15,60,30,0.25,8348,6908,15256,0.4286
12,1.0,15,60,30,0.5,8179,7125,15304,0.4286
12,1.0,15,70,10,0.25,8348,6659,15007,0.4286
12,1.0,15,70,10,0.5,8179,7071,15250,0.4286
12,1.0,15,70,20,0.25,8348,6659,15007,0.4286
12,1.0,15,70,20,0.5,8179,7071,15250,0.4286
12,1.0,15,70,30,0.25,8348,6659,15007,0.4286
12,1.0,15,70,30,0.5,8179,7071,15250,0.4286
12,1.0,20,50,10,0.25,8348,7212,15560,0.4286
12,1.0,20,50,10,0.5,8179,7243,15422,0.4286
12,1.0,20,50,20,0.25,8348,7212,15560,0.4286
12,1.0,20,50,20,0.5,8179,7243,15422,0.4286
12,1.0,20,50,30,0.25,8348,7212,15560,0.4286
12,1.0,20,50,30,0.5,8179,7243,15422,0.4286
12,1.0,20,60,10,0.25,8348,6908,15256,0.4286
12,1.0,20,60,10,0.5,8179,7125,15304,0.4286
12,1.0,20,60,20,0.25,8348,6908,15256,0.4286
12,1.0,20,60,20,0.5,8179,7125,15304,0.4286
12,1.0,20,60,30,0.25,8348,6908,15256,0.4286
12,1.0,20,60,30,0.5,8179,7125,15304,0.4286
12,1.0,20,70,10,0.25,8348,6659,15007,0.4286
12,1.0,20,70,10,0.5,8179,7071,15250,0.4286
12,1.0,20,70,20,0.25,8348,6659,15007,0.4286
12,1.0,20,70,20,0.5,8179,7071,15250,0.4286
12,1.0,20,70,30,0.25,8348,6659,15007,0.4286
12,1.0,20,70,30,0.5,8179,7071,15250,0.4286
12,2.0,5,50,10,0.25,8348,7212,15560,0.4286
12,2.0,5,50,10,0.5,8179,7243,15422,0.4286
12,2.0,5,50,20,0.25,8348,7212,15560,0.4286
12,2.0,5,50,20,0.5,8179,7243,15422,0.4286
12,2.0,5,50,30,0.25,8348,7212,15560,0.4286
12,2.0,5,50,30,0.5,8179,7243,15422,0.4286
12,2.0,5,60,10,0.25,8348,6908,15256,0.4286
12,2.0,5,60,10,0.5,8179,7125,15304,0.4286
12,2.0,5,60,20,0.25,8348,6908,15256,0.4286
12,2.0,5,60,20,0.5,8179,7125,15304,0.4286
12,2.0,5,60,30,0.25,8348,6908,15256,0.4286
12,2.0,5,60,30,0.5,8179,7125,15304,0.4286
12,2.0,5,70,10,0.25,8348,6659,15007,0.4286
12,2.0,5,70,10,0.5,8179,7071,15250,0.4286
12,2.0,5,70,20,0.25,8348,6659,15007,0.4286
12,2.0,5,70,20,0.5,8179,7071,15250,0.4286
12,2.0,5,70,30,0.25,8348,6659,15007,0.4286
12,2.0,5,70,30,0.5,8179,7071,15250,0.4286
12,2.0,10,50,10,0.25,8348,7212,15560,0.4286
12,2.0,10,50,10,0.5,8179,7243,15422,0.4286
12,2.0,10,50,20,0.25,8348,7212,15560,0.4286
12,2.0,10,50,20,0.5,8179,7243,15422,0.4286
12,2.0,10,50,30,0.25,8348,7212,15560,0.4286
12,2.0,10,50,30,0.5,8179,7243,15422,0.4286
12,2.0,10,60,10,0.25,8348,6908,15256,0.4286
12,2.0,10,60,10,0.5,8179,7125,15304,0.4286
12,2.0,10,60,20,0.25,8348,6908,15256,0.4286
12,2.0,10,60,20,0.5,8179,7125,15304,0.4286
12,2.0,10,60,30,0.25,8348,6908,15256,0.4286
12,2.0,10,60,30,0.5,8179,7125,15304,0.4286
12,2.0,10,70,10,0.25,8348,6659,15007,0.4286
12,2.0,10,70,10,0.5,8179,7071,15250,0.4286
12,2.0,10,70,20,0.25,8348,6659,15007,0.4286
12,2.0,10,70,20,0.5,8179,7071,15250,0.4286
12,2.0,10,70,30,0.25,8348,6659,15007,0.4286
12,2.0,10,70,30,0.5,8179,7071,15250,0.4286
12,2.0,15,50,10,0.25,8348,7212,15560,0.4286
12,2.0,15,50,10,0.5,8179,7243,15422,0.4286
12,2.0,15,50,20,0.25,8348,7212,15560,0.4286
12,2.0,15,50,20,0.5,8179,7243,15422,0.4286
12,2.0,15,50,30,0.25,8348,7212,15560,0.4286
12,2.0,15,50,30,0.5,8179,7243,15422,0.4286
12,2.0,15,60,10,0.25,8348,6908,15256,0.4286
12,2.0,15,60,10,0.5,8179,7125,15304,0.4286
12,2.0,15,60,20,0.25,8348,6908,15256,0.4286
12,2.0,15,60,20,0.5,8179,7125,15304,0.4286
12,2.0,15,60,30,0.25,8348,6908,15256,0.4286
12,2.0,15,60,30,0.5,8179,7125,15304,0.4286
12,2.0,15,70,10,0.25,8348,6659,15007,0.4286
12,2.0,15,70,10,0.5,8179,7071,15250,0.4286
12,2.0,15,70,20,0.25,8348,6659,15007,0.4286
12,2.0,15,70,20,0.5,8179,7071,15250,0.4286
12,2.0,15,70,30,0.25,8348,6659,15007,0.4286
12,2.0,15,70,30,0.5,8179,7071,15250,0.4286
12,2.0,20,50,10,0.25,8348,7212,15560,0.4286
12,2.0,20,50,10,0.5,8179,7243,15422,0.4286
12,2.0,20,50,20,0.25,8348,7212,15560,0.4286
12,2.0,20,50,20,0.5,8179,7243,15422,0.4286
12,2.0,20,50,30,0.25,8348,7212,15560,0.4286
12,2.0,20,50,30,0.5,8179,7243,15422,0.4286
12,2.0,20,60,10,0.25,8348,6908,15256,0.4286
12,2.0,20,60,10,0.5,8179,7125,15304,0.4286
12,2.0,20,60,20,0.25,8348,6908,15256,0.4286
12,2.0,20,60,20,0.5,8179,7125,15304,0.4286
12,2.0,20,60,30,0.25,8348,6908,15256,0.4286
12,2.0,20,60,30,0.5,8179,7125,15304,0.4286
12,2.0,20,70,10,0.25,8348,6659,15007,0.4286
12,2.0,20,70,10,0.5,8179,7071,15250,0.4286
12,2.0,20,70,20,0.25,8348,6659,15007,0.4286
12,2.0,20,70,20,0.5,8179,7071,15250,0.4286
12,2.0,20,70,30,0.25,8348,6659,15007,0.4286
12,2.0,20,70,30,0.5,8179,7071,15250,0.4286
12,3.0,5,50,10,0.25,8213,7258,15471,0.4286
12,3.0,5,50,10,0.5,8179,7401,15580,0.4286
12,3.0,5,50,20,0.25,8213,7258,15471,0.4286
12,3.0,5,50,20,0.5,8179,7401,15580,0.4286
12,3.0,5,50,30,0.25,8213,7258,15471,0.4286
12,3.0,5,50,30,0.5,8179,7401,15580,0.4286
12,3.0,5,60,10,0.25,8213,7136,15349,0.4286
12,3.0,5,60,10,0.5,8179,7280,15459,0.4286
12,3.0,5,60,20,0.25,8213,7136,15349,0.4286
12,3.0,5,60,20,0.5,8179,7280,15459,0.4286
12,3.0,5,60,30,0.25,8213,7136,15349,0.4286
12,3.0,5,60,30,0.5,8179,7280,15459,0.4286
12,3.0,5,70,10,0.25,8213,6983,15196,0.4286
12,3.0,5,70,10,0.5,8179,7200,15379,0.4286
12,3.0,5,70,20,0.25,8213,6983,15196,0.4286
12,3.0,5,70,20,0.5,8179,7200,15379,0.4286
12,3.0,5,70,30,0.25,8213,6983,15196,0.4286
12,3.0,5,70,30,0.5,8179,7200,15379,0.4286
12,3.0,10,50,10,0.25,8213,7258,15471,0.4286
12,3.0,10,50,10,0.5,8179,7401,15580,0.4286
12,3.0,10,50,20,0.25,8213,7258,15471,0.4286
12,3.0,10,50,20,0.5,8179,7401,15580,0.4286
12,3.0,10,50,30,0.25,8213,7258,15471,0.4286
12,3.0,10,50,30,0.5,8179,7401,15580,0.4286
12,3.0,10,60,10,0.25,8213,7136,15349,0.4286
12,3.0,10,60,10,0.5,8179,7280,15459,0.4286
12,3.0,10,60,20,0.25,8213,7136,15349,0.4286
12,3.0,10,60,20,0.5,8179,7280,15459,0.4286
12,3.0,10,60,30,0.25,8213,7136,15349,0.4286
12,3.0,10,60,30,0.5,8179,7280,15459,0.4286
12,3.0,10,70,10,0.25,8213,6983,15196,0.4286
12,3.0,10,70,10,0.5,8179,7200,15379,0.4286
12,3.0,10,70,20,0.25,8213,6983,15196,0.4286
12,3.0,10,70,20,0.5,8179,7200,15379,0.4286
12,3.0,10,70,30,0.25,8213,6983,15196,0.4286
12,3.0,10,70,30,0.5,8179,7200,15379,0.4286
12,3.0,15,50,10,0.25,8213,7258,15471,0.4286
12,3.0,15,50,10,0.5,8179,7401,15580,0.4286
12,3.0,15,50,20,0.25,8213,7258,15471,0.4286
12,3.0,15,50,20,0.5,8179,7401,15580,0.4286
12,3.0,15,50,30,0.25,8213,7258,15471,0.4286
12,3.0,15,50,30,0.5,8179,7401,15580,0.4286
12,3.0,15,60,10,0.25,8213,7136,15349,0.4286
12,3.0,15,60,10,0.5,8179,7280,15459,0.4286
12,3.0,15,60,20,0.25,8213,7136,15349,0.4286
12,3.0,15,60,20,0.5,8179,7280,15459,0.4286
12,3.0,15,60,30,0.25,8213,7136,15349,0.4286
12,3.0,15,60,30,0.5,8179,7280,15459,0.4286
12,3.0,15,70,10,0.25,8213,6983,15196,0.4286
12,3.0,15,70,10,0.5,8179,7200,15379,0.4286
12,3.0,15,70,20,0.25,8213,6983,15196,0.4286
12,3.0,15,70,20,0.5,8179,7200,15379,0.4286
12,3.0,15,70,30,0.25,8213,6983,15196,0.4286
12,3.0,15,70,30,0.5,8179,7200,15379,0.4286
12,3.0,20,50,10,0.25,8213,7258,15471,0.4286
12,3.0,20,50,10,0.5,8179,7401,15580,0.4286
12,3.0,20,50,20,0.25,8213,7258,15471,0.4286
12,3.0,20,50,20,0.5,8179,7401,15580,0.4286
12,3.0,20,50,30,0.25,8213,7258,15471,0.4286
12,3.0,20,50,30,0.5,8179,7401,15580,0.4286
12,3.0,20,60,10,0.25,8213,7136,15349,0.4286
12,3.0,20,60,10,0.5,8179,7280,15459,0.4286
12,3.0,20,60,20,0.25,8213,7136,15349,0.4286
12,3.0,20,60,20,0.5,8179,7280,15459,0.4286
12,3.0,20,60,30,0.25,8213,7136,15349,0.4286
12,3.0,20,60,30,0.5,8179,7280,15459,0.4286
12,3.0,20,70,10,0.25,8213,6983,15196,0.4286
12,3.0,20,70,10,0.5,8179,7200,15379,0.4286
12,3.0,20,70,20,0.25,8213,6983,15196,0.4286
12,3.0,20,70,20,0.5,8179,7200,15379,0.4286
12,3.0,20,70,30,0.25,8213,6983,15196,0.4286
12,3.0,20,70,30,0.5,8179,7200,15379,0.4286
12,4.0,5,50,10,0.25,8213,7434,15647,0.4286
12,4.0,5,50,10,0.5,8179,7401,15580,0.4286
12,4.0,5,50,20,0.25,8213,7434,15647,0.4286
12,4.0,5,50,20,0.5,8179,7401,15580,0.4286
12,4.0,5,50,30,0.25,8213,7434,15647,0.4286
12,4.0,5,50,30,0.5,8179,7401,15580,0.4286
12,4.0,5,60,10,0.25,8213,7286,15499,0.4286
12,4.0,5,60,10,0.5,8179,7280,15459,0.4286
12,4.0,5,60,20,0.25,8213,7286,15499,0.4286
12,4.0,5,60,20,0.5,8179,7280,15459,0.4286
12,4.0,5,60,30,0.25,8213,7286,15499,0.4286
12,4.0,5,60,30,0.5,8179,7280,15459,0.4286
12,4.0,5,70,10,0.25,8213,7118,15331,0.4286
12,4.0,5,70,10,0.5,8179,7200,15379,0.4286
12,4.0,5,70,20,0.25,8213,7118,15331,0.4286
12,4.0,5,70,20,0.5,8179,7200,15379,0.4286
12,4.0,5,70,30,0.25,8213,7118,15331,0.4286
12,4.0,5,70,30,0.5,8179,7200,15379,0.4286
12,4.0,10,50,10,0.25,8213,7434,15647,0.4286
12,4.0,10,50,10,0.5,8179,7401,15580,0.4286
12,4.0,10,50,20,0.25,8213,7434,15647,0.4286
12,4.0,10,50,20,0.5,8179,7401,15580,0.4286
12,4.0,10,50,30,0.25,8213,7434,15647,0.4286
12,4.0,10,50,30,0.5,8179,7401,15580,0.4286
12,4.0,10,60,10,0.25,8213,7286,15499,0.4286
12,4.0,10,60,10,0.5,8179,7280,15459,0.4286
12,4.0,10,60,20,0.25,8213,7286,15499,0.4286
12,4.0,10,60,20,0.5,8179,7280,15459,0.4286
12,4.0,10,60,30,0.25,8213,7286,15499,0.4286
12,4.0,10,60,30,0.5,8179,7280,15459,0.4286
12,4.0,10,70,10,0.25,8213,7118,15331,0.4286
12,4.0,10,70,10,0.5,8179,7200,15379,0.4286
12,4.0,10,70,20,0.25,8213,7118,15331,0.4286
12,4.0,10,70,20,0.5,8179,7200,15379,0.4286
12,4.0,10,70,30,0.25,8213,7118,15331,0.4286
12,4.0,10,70,30,0.5,8179,7200,15379,0.4286
12,4.0,15,50,10,0.25,8213,7434,15647,0.4286
12,4.0,15,50,10,0.5,8179,7401,15580,0.4286
12,4.0,15,50,20,0.25,8213,7434,15647,0.4286
12,4.0,15,50,20,0.5,8179,7401,15580,0.4286
12,4.0,15,50,30,0.25,8213,7434,15647,0.4286
12,4.0,15,50,30,0.5,8179,7401,15580,0.4286
12,4.0,15,60,10,0.25,8213,7286,15499,0.4286
12,4.0,15,60,10,0.5,8179,7280,15459,0.4286
12,4.0,15,60,20,0.25,8213,7286,15499,0.4286
12,4.0,15,60,20,0.5,8179,7280,15459,0.4286
12,4.0,15,60,30,0.25,8213,7286,15499,0.4286
12,4.0,15,60,30,0.5,8179,7280,15459,0.4286
12,4.0,15,70,10,0.25,8213,7118,15331,0.4286
12,4.0,15,70,10,0.5,8179,7200,15379,0.4286
12,4.0,15,70,20,0.25,8213,7118,15331,0.4286
12,4.0,15,70,20,0.5,8179,7200,15379,0.4286
12,4.0,15,70,30,0.25,8213,7118,15331,0.4286
12,4.0,15,70,30,0.5,8179,7200,15379,0.4286
12,4.0,20,50,10,0.25,8213,7434,15647,0.4286
12,4.0,20,50,10,0.5,8179,7401,15580,0.4286
12,4.0,20,50,20,0.25,8213,7434,15647,0.4286
12,4.0,20,50,20,0.5,8179,7401,15580,0.4286
12,4.0,20,50,30,0.25,8213,7434,15647,0.4286
12,4.0,20,50,30,0.5,8179,7401,15580,0.4286
12,4.0,20,60,10,0.25,8213,7286,15499,0.4286
12,4.0,20,60,10,0.5,8179,7280,15459,0.4286
12,4.0,20,60,20,0.25,8213,7286,15499,0.4286
12,4.0,20,60,20,0.5,8179,7280,15459,0.4286
12,4.0,20,60,30,0.25,8213,7286,15499,0.4286
12,4.0,20,60,30,0.5,8179,7280,15459,0.4286
12,4.0,20,70,10,0.25,8213,7118,15331,0.4286
12,4.0,20,70,10,0.5,8179,7200,15379,0.4286
12,4.0,20,70,20,0.25,8213,7118,15331,0.4286
12,4.0,20,70,20,0.5,8179,7200,15379,0.4286
12,4.0,20,70,30,0.25,8213,7118,15331,0.4286
12,4.0,20,70,30,0.5,8179,7200,15379,0.4286
12,5.0,5,50,10,0.25,8213,7434,15647,0.4286
12,5.0,5,50,10,0.5,8179,7401,15580,0.4286
12,5.0,5,50,20,0.25,8213,7434,15647,0.4286
12,5.0,5,50,20,0.5,8179,7401,15580,0.4286
12,5.0,5,50,30,0.25,8213,7434,15647,0.4286
12,5.0,5,50,30,0.5,8179,7401,15580,0.4286
12,5.0,5,60,10,0.25,8213,7286,15499,0.4286
12,5.0,5,60,10,0.5,8179,7280,15459,0.4286
12,5.0,5,60,20,0.25,8213,7286,15499,0.4286
12,5.0,5,60,20,0.5,8179,7280,15459,0.4286
12,5.0,5,60,30,0.25,8213,7286,15499,0.4286
12,5.0,5,60,30,0.5,8179,7280,15459,0.4286
12,5.0,5,70,10,0.25,8213,7118,15331,0.4286
12,5.0,5,70,10,0.5,8179,7200,15379,0.4286
12,5.0,5,70,20,0.25,8213,7118,15331,0.4286
12,5.0,5,70,20,0.5,8179,7200,15379,0.4286
12,5.0,5,70,30,0.25,8213,7118,15331,0.4286
12,5.0,5,70,30,0.5,8179,7200,15379,0.4286
12,5.0,10,50,10,0.25,8213,7434,15647,0.4286
12,5.0,10,50,10,0.5,8179,7401,15580,0.4286
12,5.0,10,50,20,0.25,8213,7434,15647,0.4286
12,5.0,10,50,20,0.5,8179,7401,15580,0.4286
12,5.0,10,50,30,0.25,8213,7434,15647,0.4286
12,5.0,10,50,30,0.5,8179,7401,15580,0.4286
12,5.0,10,60,10,0.25,8213,7286,15499,0.4286
12,5.0,10,60,10,0.5,8179,7280,15459,0.4286
12,5.0,10,60,20,0.25,8213,7286,15499,0.4286
12,5.0,10,60,20,0.5,8179,7280,15459,0.4286
12,5.0,10,60,30,0.25,8213,7286,15499,0.4286
12,5.0,10,60,30,0.5,8179,7280,15459,0.4286
12,5.0,10,70,10,0.25,8213,7118,15331,0.4286
12,5.0,10,70,10,0.5,8179,7200,15379,0.4286
12,5.0,10,70,20,0.25,8213,7118,15331,0.4286
12,5.0,10,70,20,0.5,8179,7200,15379,0.4286
12,5.0,10,70,30,0.25,8213,7118,15331,0.4286
12,5.0,10,70,30,0.5,8179,7200,15379,0.4286
12,5.0,15,50,10,0.25,8213,7434,15647,0.4286
12,5.0,15,50,10,0.5,8179,7401,15580,0.4286
12,5.0,15,50,20,0.25,8213,7434,15647,0.4286
12,5.0,15,50,20,0.5,8179,7401,15580,0.4286
12,5.0,15,50,30,0.25,8213,7434,15647,0.4286
12,5.0,15,50,30,0.5,8179,7401,15580,0.4286
12,5.0,15,60,10,0.25,8213,7286,15499,0.4286
12,5.0,15,60,10,0.5,8179,7280,15459,0.4286
12,5.0,15,60,20,0.25,8213,7286,15499,0.4286
12,5.0,15,60,20,0.5,8179,7280,15459,0.4286
12,5.0,15,60,30,0.25,8213,7286,15499,0.4286
12,5.0,15,60,30,0.5,8179,7280,15459,0.4286
12,5.0,15,70,10,0.25,8213,7118,15331,0.4286
12,5.0,15,70,10,0.5,8179,7200,15379,0.4286
12,5.0,15,70,20,0.25,8213,7118,15331,0.4286
12,5.0,15,70,20,0.5,8179,7200,15379,0.4286
12,5.0,15,70,30,0.25,8213,7118,15331,0.4286
12,5.0,15,70,30,0.5,8179,7200,15379,0.4286
12,5.0,20,50,10,0.25,8213,7434,15647,0.4286
12,5.0,20,50,10,0.5,8179,7401,15580,0.4286
12,5.0,20,50,20,0.25,8213,7434,15647,0.4286
12,5.0,20,50,20,0.5,8179,7401,15580,0.4286
12,5.0,20,50,30,0.25,8213,7434,15647,0.4286
12,5.0,20,50,30,0.5,8179,7401,15580,0.4286
12,5.0,20,60,10,0.25,8213,7286,15499,0.4286
12,5.0,20,60,10,0.5,8179,7280,15459,0.4286
12,5.0,20,60,20,0.25,8213,7286,15499,0.4286
12,5.0,20,60,20,0.5,8179,7280,15459,0.4286
12,5.0,20,60,30,0.25,8213,7286,15499,0.4286
12,5.0,20,60,30,0.5,8179,7280,15459,0.4286
12,5.0,20,70,10,0.25,8213,7118,15331,0.4286
12,5.0,20,70,10,0.5,8179,7200,15379,0.4286
12,5.0,20,70,20,0.25,8213,7118,15331,0.4286
12,5.0,20,70,20,0.5,8179,7200,15379,0.4286
12,5.0,20,70,30,0.25,8213,7118,15331,0.4286
12,5.0,20,70,30,0.5,8179,7200,15379,0.4286
